date_id_pk,date,year,month,quarter,day,day_of_week,day_name,day_of_month,weekday
1,2020-01-01,2020,1,1,1,3,Wednesday,1,Weekday
2,2020-01-02,2020,1,1,2,4,Thursday,2,Weekday
3,2020-01-03,2020,1,1,3,5,Friday,3,Weekday
4,2020-01-04,2020,1,1,4,6,Saturday,4,Weekend
5,2020-01-05,2020,1,1,5,7,Sunday,5,Weekend
6,2020-01-06,2020,1,1,6,1,Monday,6,Weekday
7,2020-01-07,2020,1,1,7,2,Tuesday,7,Weekday
8,2020-01-08,2020,1,1,8,3,Wednesday,8,Weekday
9,2020-01-09,2020,1,1,9,4,Thursday,9,Weekday
10,2020-01-10,2020,1,1,10,5,Friday,10,Weekday
11,2020-01-11,2020,1,1,11,6,Saturday,11,Weekend
12,2020-01-12,2020,1,1,12,7,Sunday,12,Weekend
13,2020-01-13,2020,1,1,13,1,Monday,13,Weekday
14,2020-01-14,2020,1,1,14,2,Tuesday,14,Weekday
15,2020-01-15,2020,1,1,15,3,Wednesday,15,Weekday
16,2020-01-16,2020,1,1,16,4,Thursday,16,Weekday
17,2020-01-17,2020,1,1,17,5,Friday,17,Weekday
18,2020-01-18,2020,1,1,18,6,Saturday,18,Weekend
19,2020-01-19,2020,1,1,19,7,Sunday,19,Weekend
20,2020-01-20,2020,1,1,20,1,Monday,20,Weekday
21,2020-01-21,2020,1,1,21,2,Tuesday,21,Weekday
22,2020-01-22,2020,1,1,22,3,Wednesday,22,Weekday
23,2020-01-23,2020,1,1,23,4,Thursday,23,Weekday
24,2020-01-24,2020,1,1,24,5,Friday,24,Weekday
25,2020-01-25,2020,1,1,25,6,Saturday,25,Weekend
26,2020-01-26,2020,1,1,26,7,Sunday,26,Weekend
27,2020-01-27,2020,1,1,27,1,Monday,27,Weekday
28,2020-01-28,2020,1,1,28,2,Tuesday,28,Weekday
29,2020-01-29,2020,1,1,29,3,Wednesday,29,Weekday
30,2020-01-30,2020,1,1,30,4,Thursday,30,Weekday
31,2020-01-31,2020,1,1,31,5,Friday,31,Weekday
32,2020-02-01,2020,2,1,1,6,Saturday,1,Weekend
33,2020-02-02,2020,2,1,2,7,Sunday,2,Weekend
34,2020-02-03,2020,2,1,3,1,Monday,3,Weekday
35,2020-02-04,2020,2,1,4,2,Tuesday,4,Weekday
36,2020-02-05,2020,2,1,5,3,Wednesday,5,Weekday
37,2020-02-06,2020,2,1,6,4,Thursday,6,Weekday
38,2020-02-07,2020,2,1,7,5,Friday,7,Weekday
39,2020-02-08,2020,2,1,8,6,Saturday,8,Weekend
40,2020-02-09,2020,2,1,9,7,Sunday,9,Weekend
41,2020-02-10,2020,2,1,10,1,Monday,10,Weekday
42,2020-02-11,2020,2,1,11,2,Tuesday,11,Weekday
43,2020-02-12,2020,2,1,12,3,Wednesday,12,Weekday
44,2020-02-13,2020,2,1,13,4,Thursday,13,Weekday
45,2020-02-14,2020,2,1,14,5,Friday,14,Weekday
46,2020-02-15,2020,2,1,15,6,Saturday,15,Weekend
47,2020-02-16,2020,2,1,16,7,Sunday,16,Weekend
48,2020-02-17,2020,2,1,17,1,Monday,17,Weekday
49,2020-02-18,2020,2,1,18,2,Tuesday,18,Weekday
50,2020-02-19,2020,2,1,19,3,Wednesday,19,Weekday
51,2020-02-20,2020,2,1,20,4,Thursday,20,Weekday
52,2020-02-21,2020,2,1,21,5,Friday,21,Weekday
53,2020-02-22,2020,2,1,22,6,Saturday,22,Weekend
54,2020-02-23,2020,2,1,23,7,Sunday,23,Weekend
55,2020-02-24,2020,2,1,24,1,Monday,24,Weekday
56,2020-02-25,2020,2,1,25,2,Tuesday,25,Weekday
57,2020-02-26,2020,2,1,26,3,Wednesday,26,Weekday
58,2020-02-27,2020,2,1,27,4,Thursday,27,Weekday
59,2020-02-28,2020,2,1,28,5,Friday,28,Weekday
60,2020-02-29,2020,2,1,29,6,Saturday,29,Weekend
61,2020-03-01,2020,3,1,1,7,Sunday,1,Weekend
62,2020-03-02,2020,3,1,2,1,Monday,2,Weekday
63,2020-03-03,2020,3,1,3,2,Tuesday,3,Weekday
64,2020-03-04,2020,3,1,4,3,Wednesday,4,Weekday
65,2020-03-05,2020,3,1,5,4,Thursday,5,Weekday
66,2020-03-06,2020,3,1,6,5,Friday,6,Weekday
67,2020-03-07,2020,3,1,7,6,Saturday,7,Weekend
68,2020-03-08,2020,3,1,8,7,Sunday,8,Weekend
69,2020-03-09,2020,3,1,9,1,Monday,9,Weekday
70,2020-03-10,2020,3,1,10,2,Tuesday,10,Weekday
71,2020-03-11,2020,3,1,11,3,Wednesday,11,Weekday
72,2020-03-12,2020,3,1,12,4,Thursday,12,Weekday
73,2020-03-13,2020,3,1,13,5,Friday,13,Weekday
74,2020-03-14,2020,3,1,14,6,Saturday,14,Weekend
75,2020-03-15,2020,3,1,15,7,Sunday,15,Weekend
76,2020-03-16,2020,3,1,16,1,Monday,16,Weekday
77,2020-03-17,2020,3,1,17,2,Tuesday,17,Weekday
78,2020-03-18,2020,3,1,18,3,Wednesday,18,Weekday
79,2020-03-19,2020,3,1,19,4,Thursday,19,Weekday
80,2020-03-20,2020,3,1,20,5,Friday,20,Weekday
81,2020-03-21,2020,3,1,21,6,Saturday,21,Weekend
82,2020-03-22,2020,3,1,22,7,Sunday,22,Weekend
83,2020-03-23,2020,3,1,23,1,Monday,23,Weekday
84,2020-03-24,2020,3,1,24,2,Tuesday,24,Weekday
85,2020-03-25,2020,3,1,25,3,Wednesday,25,Weekday
86,2020-03-26,2020,3,1,26,4,Thursday,26,Weekday
87,2020-03-27,2020,3,1,27,5,Friday,27,Weekday
88,2020-03-28,2020,3,1,28,6,Saturday,28,Weekend
89,2020-03-29,2020,3,1,29,7,Sunday,29,Weekend
90,2020-03-30,2020,3,1,30,1,Monday,30,Weekday
91,2020-03-31,2020,3,1,31,2,Tuesday,31,Weekday
92,2020-04-01,2020,4,2,1,3,Wednesday,1,Weekday
93,2020-04-02,2020,4,2,2,4,Thursday,2,Weekday
94,2020-04-03,2020,4,2,3,5,Friday,3,Weekday
95,2020-04-04,2020,4,2,4,6,Saturday,4,Weekend
96,2020-04-05,2020,4,2,5,7,Sunday,5,Weekend
97,2020-04-06,2020,4,2,6,1,Monday,6,Weekday
98,2020-04-07,2020,4,2,7,2,Tuesday,7,Weekday
99,2020-04-08,2020,4,2,8,3,Wednesday,8,Weekday
100,2020-04-09,2020,4,2,9,4,Thursday,9,Weekday
101,2020-04-10,2020,4,2,10,5,Friday,10,Weekday
102,2020-04-11,2020,4,2,11,6,Saturday,11,Weekend
103,2020-04-12,2020,4,2,12,7,Sunday,12,Weekend
104,2020-04-13,2020,4,2,13,1,Monday,13,Weekday
105,2020-04-14,2020,4,2,14,2,Tuesday,14,Weekday
106,2020-04-15,2020,4,2,15,3,Wednesday,15,Weekday
107,2020-04-16,2020,4,2,16,4,Thursday,16,Weekday
108,2020-04-17,2020,4,2,17,5,Friday,17,Weekday
109,2020-04-18,2020,4,2,18,6,Saturday,18,Weekend
110,2020-04-19,2020,4,2,19,7,Sunday,19,Weekend
111,2020-04-20,2020,4,2,20,1,Monday,20,Weekday
112,2020-04-21,2020,4,2,21,2,Tuesday,21,Weekday
113,2020-04-22,2020,4,2,22,3,Wednesday,22,Weekday
114,2020-04-23,2020,4,2,23,4,Thursday,23,Weekday
115,2020-04-24,2020,4,2,24,5,Friday,24,Weekday
116,2020-04-25,2020,4,2,25,6,Saturday,25,Weekend
117,2020-04-26,2020,4,2,26,7,Sunday,26,Weekend
118,2020-04-27,2020,4,2,27,1,Monday,27,Weekday
119,2020-04-28,2020,4,2,28,2,Tuesday,28,Weekday
120,2020-04-29,2020,4,2,29,3,Wednesday,29,Weekday
121,2020-04-30,2020,4,2,30,4,Thursday,30,Weekday
122,2020-05-01,2020,5,2,1,5,Friday,1,Weekday
123,2020-05-02,2020,5,2,2,6,Saturday,2,Weekend
124,2020-05-03,2020,5,2,3,7,Sunday,3,Weekend
125,2020-05-04,2020,5,2,4,1,Monday,4,Weekday
126,2020-05-05,2020,5,2,5,2,Tuesday,5,Weekday
127,2020-05-06,2020,5,2,6,3,Wednesday,6,Weekday
128,2020-05-07,2020,5,2,7,4,Thursday,7,Weekday
129,2020-05-08,2020,5,2,8,5,Friday,8,Weekday
130,2020-05-09,2020,5,2,9,6,Saturday,9,Weekend
131,2020-05-10,2020,5,2,10,7,Sunday,10,Weekend
132,2020-05-11,2020,5,2,11,1,Monday,11,Weekday
133,2020-05-12,2020,5,2,12,2,Tuesday,12,Weekday
134,2020-05-13,2020,5,2,13,3,Wednesday,13,Weekday
135,2020-05-14,2020,5,2,14,4,Thursday,14,Weekday
136,2020-05-15,2020,5,2,15,5,Friday,15,Weekday
137,2020-05-16,2020,5,2,16,6,Saturday,16,Weekend
138,2020-05-17,2020,5,2,17,7,Sunday,17,Weekend
139,2020-05-18,2020,5,2,18,1,Monday,18,Weekday
140,2020-05-19,2020,5,2,19,2,Tuesday,19,Weekday
141,2020-05-20,2020,5,2,20,3,Wednesday,20,Weekday
142,2020-05-21,2020,5,2,21,4,Thursday,21,Weekday
143,2020-05-22,2020,5,2,22,5,Friday,22,Weekday
144,2020-05-23,2020,5,2,23,6,Saturday,23,Weekend
145,2020-05-24,2020,5,2,24,7,Sunday,24,Weekend
146,2020-05-25,2020,5,2,25,1,Monday,25,Weekday
147,2020-05-26,2020,5,2,26,2,Tuesday,26,Weekday
148,2020-05-27,2020,5,2,27,3,Wednesday,27,Weekday
149,2020-05-28,2020,5,2,28,4,Thursday,28,Weekday
150,2020-05-29,2020,5,2,29,5,Friday,29,Weekday
151,2020-05-30,2020,5,2,30,6,Saturday,30,Weekend
152,2020-05-31,2020,5,2,31,7,Sunday,31,Weekend
153,2020-06-01,2020,6,2,1,1,Monday,1,Weekday
154,2020-06-02,2020,6,2,2,2,Tuesday,2,Weekday
155,2020-06-03,2020,6,2,3,3,Wednesday,3,Weekday
156,2020-06-04,2020,6,2,4,4,Thursday,4,Weekday
157,2020-06-05,2020,6,2,5,5,Friday,5,Weekday
158,2020-06-06,2020,6,2,6,6,Saturday,6,Weekend
159,2020-06-07,2020,6,2,7,7,Sunday,7,Weekend
160,2020-06-08,2020,6,2,8,1,Monday,8,Weekday
161,2020-06-09,2020,6,2,9,2,Tuesday,9,Weekday
162,2020-06-10,2020,6,2,10,3,Wednesday,10,Weekday
163,2020-06-11,2020,6,2,11,4,Thursday,11,Weekday
164,2020-06-12,2020,6,2,12,5,Friday,12,Weekday
165,2020-06-13,2020,6,2,13,6,Saturday,13,Weekend
166,2020-06-14,2020,6,2,14,7,Sunday,14,Weekend
167,2020-06-15,2020,6,2,15,1,Monday,15,Weekday
168,2020-06-16,2020,6,2,16,2,Tuesday,16,Weekday
169,2020-06-17,2020,6,2,17,3,Wednesday,17,Weekday
170,2020-06-18,2020,6,2,18,4,Thursday,18,Weekday
171,2020-06-19,2020,6,2,19,5,Friday,19,Weekday
172,2020-06-20,2020,6,2,20,6,Saturday,20,Weekend
173,2020-06-21,2020,6,2,21,7,Sunday,21,Weekend
174,2020-06-22,2020,6,2,22,1,Monday,22,Weekday
175,2020-06-23,2020,6,2,23,2,Tuesday,23,Weekday
176,2020-06-24,2020,6,2,24,3,Wednesday,24,Weekday
177,2020-06-25,2020,6,2,25,4,Thursday,25,Weekday
178,2020-06-26,2020,6,2,26,5,Friday,26,Weekday
179,2020-06-27,2020,6,2,27,6,Saturday,27,Weekend
180,2020-06-28,2020,6,2,28,7,Sunday,28,Weekend
181,2020-06-29,2020,6,2,29,1,Monday,29,Weekday
182,2020-06-30,2020,6,2,30,2,Tuesday,30,Weekday
183,2020-07-01,2020,7,3,1,3,Wednesday,1,Weekday
184,2020-07-02,2020,7,3,2,4,Thursday,2,Weekday
185,2020-07-03,2020,7,3,3,5,Friday,3,Weekday
186,2020-07-04,2020,7,3,4,6,Saturday,4,Weekend
187,2020-07-05,2020,7,3,5,7,Sunday,5,Weekend
188,2020-07-06,2020,7,3,6,1,Monday,6,Weekday
189,2020-07-07,2020,7,3,7,2,Tuesday,7,Weekday
190,2020-07-08,2020,7,3,8,3,Wednesday,8,Weekday
191,2020-07-09,2020,7,3,9,4,Thursday,9,Weekday
192,2020-07-10,2020,7,3,10,5,Friday,10,Weekday
193,2020-07-11,2020,7,3,11,6,Saturday,11,Weekend
194,2020-07-12,2020,7,3,12,7,Sunday,12,Weekend
195,2020-07-13,2020,7,3,13,1,Monday,13,Weekday
196,2020-07-14,2020,7,3,14,2,Tuesday,14,Weekday
197,2020-07-15,2020,7,3,15,3,Wednesday,15,Weekday
198,2020-07-16,2020,7,3,16,4,Thursday,16,Weekday
199,2020-07-17,2020,7,3,17,5,Friday,17,Weekday
200,2020-07-18,2020,7,3,18,6,Saturday,18,Weekend
201,2020-07-19,2020,7,3,19,7,Sunday,19,Weekend
202,2020-07-20,2020,7,3,20,1,Monday,20,Weekday
203,2020-07-21,2020,7,3,21,2,Tuesday,21,Weekday
204,2020-07-22,2020,7,3,22,3,Wednesday,22,Weekday
205,2020-07-23,2020,7,3,23,4,Thursday,23,Weekday
206,2020-07-24,2020,7,3,24,5,Friday,24,Weekday
207,2020-07-25,2020,7,3,25,6,Saturday,25,Weekend
208,2020-07-26,2020,7,3,26,7,Sunday,26,Weekend
209,2020-07-27,2020,7,3,27,1,Monday,27,Weekday
210,2020-07-28,2020,7,3,28,2,Tuesday,28,Weekday
211,2020-07-29,2020,7,3,29,3,Wednesday,29,Weekday
212,2020-07-30,2020,7,3,30,4,Thursday,30,Weekday
213,2020-07-31,2020,7,3,31,5,Friday,31,Weekday
214,2020-08-01,2020,8,3,1,6,Saturday,1,Weekend
215,2020-08-02,2020,8,3,2,7,Sunday,2,Weekend
216,2020-08-03,2020,8,3,3,1,Monday,3,Weekday
217,2020-08-04,2020,8,3,4,2,Tuesday,4,Weekday
218,2020-08-05,2020,8,3,5,3,Wednesday,5,Weekday
219,2020-08-06,2020,8,3,6,4,Thursday,6,Weekday
220,2020-08-07,2020,8,3,7,5,Friday,7,Weekday
221,2020-08-08,2020,8,3,8,6,Saturday,8,Weekend
222,2020-08-09,2020,8,3,9,7,Sunday,9,Weekend
223,2020-08-10,2020,8,3,10,1,Monday,10,Weekday
224,2020-08-11,2020,8,3,11,2,Tuesday,11,Weekday
225,2020-08-12,2020,8,3,12,3,Wednesday,12,Weekday
226,2020-08-13,2020,8,3,13,4,Thursday,13,Weekday
227,2020-08-14,2020,8,3,14,5,Friday,14,Weekday
228,2020-08-15,2020,8,3,15,6,Saturday,15,Weekend
229,2020-08-16,2020,8,3,16,7,Sunday,16,Weekend
230,2020-08-17,2020,8,3,17,1,Monday,17,Weekday
231,2020-08-18,2020,8,3,18,2,Tuesday,18,Weekday
232,2020-08-19,2020,8,3,19,3,Wednesday,19,Weekday
233,2020-08-20,2020,8,3,20,4,Thursday,20,Weekday
234,2020-08-21,2020,8,3,21,5,Friday,21,Weekday
235,2020-08-22,2020,8,3,22,6,Saturday,22,Weekend
236,2020-08-23,2020,8,3,23,7,Sunday,23,Weekend
237,2020-08-24,2020,8,3,24,1,Monday,24,Weekday
238,2020-08-25,2020,8,3,25,2,Tuesday,25,Weekday
239,2020-08-26,2020,8,3,26,3,Wednesday,26,Weekday
240,2020-08-27,2020,8,3,27,4,Thursday,27,Weekday
241,2020-08-28,2020,8,3,28,5,Friday,28,Weekday
242,2020-08-29,2020,8,3,29,6,Saturday,29,Weekend
243,2020-08-30,2020,8,3,30,7,Sunday,30,Weekend
244,2020-08-31,2020,8,3,31,1,Monday,31,Weekday
245,2020-09-01,2020,9,3,1,2,Tuesday,1,Weekday
246,2020-09-02,2020,9,3,2,3,Wednesday,2,Weekday
247,2020-09-03,2020,9,3,3,4,Thursday,3,Weekday
248,2020-09-04,2020,9,3,4,5,Friday,4,Weekday
249,2020-09-05,2020,9,3,5,6,Saturday,5,Weekend
250,2020-09-06,2020,9,3,6,7,Sunday,6,Weekend
251,2020-09-07,2020,9,3,7,1,Monday,7,Weekday
252,2020-09-08,2020,9,3,8,2,Tuesday,8,Weekday
253,2020-09-09,2020,9,3,9,3,Wednesday,9,Weekday
254,2020-09-10,2020,9,3,10,4,Thursday,10,Weekday
255,2020-09-11,2020,9,3,11,5,Friday,11,Weekday
256,2020-09-12,2020,9,3,12,6,Saturday,12,Weekend
257,2020-09-13,2020,9,3,13,7,Sunday,13,Weekend
258,2020-09-14,2020,9,3,14,1,Monday,14,Weekday
259,2020-09-15,2020,9,3,15,2,Tuesday,15,Weekday
260,2020-09-16,2020,9,3,16,3,Wednesday,16,Weekday
261,2020-09-17,2020,9,3,17,4,Thursday,17,Weekday
262,2020-09-18,2020,9,3,18,5,Friday,18,Weekday
263,2020-09-19,2020,9,3,19,6,Saturday,19,Weekend
264,2020-09-20,2020,9,3,20,7,Sunday,20,Weekend
265,2020-09-21,2020,9,3,21,1,Monday,21,Weekday
266,2020-09-22,2020,9,3,22,2,Tuesday,22,Weekday
267,2020-09-23,2020,9,3,23,3,Wednesday,23,Weekday
268,2020-09-24,2020,9,3,24,4,Thursday,24,Weekday
269,2020-09-25,2020,9,3,25,5,Friday,25,Weekday
270,2020-09-26,2020,9,3,26,6,Saturday,26,Weekend
271,2020-09-27,2020,9,3,27,7,Sunday,27,Weekend
272,2020-09-28,2020,9,3,28,1,Monday,28,Weekday
273,2020-09-29,2020,9,3,29,2,Tuesday,29,Weekday
274,2020-09-30,2020,9,3,30,3,Wednesday,30,Weekday
275,2020-10-01,2020,10,4,1,4,Thursday,1,Weekday
276,2020-10-02,2020,10,4,2,5,Friday,2,Weekday
277,2020-10-03,2020,10,4,3,6,Saturday,3,Weekend
278,2020-10-04,2020,10,4,4,7,Sunday,4,Weekend
279,2020-10-05,2020,10,4,5,1,Monday,5,Weekday
280,2020-10-06,2020,10,4,6,2,Tuesday,6,Weekday
281,2020-10-07,2020,10,4,7,3,Wednesday,7,Weekday
282,2020-10-08,2020,10,4,8,4,Thursday,8,Weekday
283,2020-10-09,2020,10,4,9,5,Friday,9,Weekday
284,2020-10-10,2020,10,4,10,6,Saturday,10,Weekend
285,2020-10-11,2020,10,4,11,7,Sunday,11,Weekend
286,2020-10-12,2020,10,4,12,1,Monday,12,Weekday
287,2020-10-13,2020,10,4,13,2,Tuesday,13,Weekday
288,2020-10-14,2020,10,4,14,3,Wednesday,14,Weekday
289,2020-10-15,2020,10,4,15,4,Thursday,15,Weekday
290,2020-10-16,2020,10,4,16,5,Friday,16,Weekday
291,2020-10-17,2020,10,4,17,6,Saturday,17,Weekend
292,2020-10-18,2020,10,4,18,7,Sunday,18,Weekend
293,2020-10-19,2020,10,4,19,1,Monday,19,Weekday
294,2020-10-20,2020,10,4,20,2,Tuesday,20,Weekday
295,2020-10-21,2020,10,4,21,3,Wednesday,21,Weekday
296,2020-10-22,2020,10,4,22,4,Thursday,22,Weekday
297,2020-10-23,2020,10,4,23,5,Friday,23,Weekday
298,2020-10-24,2020,10,4,24,6,Saturday,24,Weekend
299,2020-10-25,2020,10,4,25,7,Sunday,25,Weekend
300,2020-10-26,2020,10,4,26,1,Monday,26,Weekday
301,2020-10-27,2020,10,4,27,2,Tuesday,27,Weekday
302,2020-10-28,2020,10,4,28,3,Wednesday,28,Weekday
303,2020-10-29,2020,10,4,29,4,Thursday,29,Weekday
304,2020-10-30,2020,10,4,30,5,Friday,30,Weekday
305,2020-10-31,2020,10,4,31,6,Saturday,31,Weekend
306,2020-11-01,2020,11,4,1,7,Sunday,1,Weekend
307,2020-11-02,2020,11,4,2,1,Monday,2,Weekday
308,2020-11-03,2020,11,4,3,2,Tuesday,3,Weekday
309,2020-11-04,2020,11,4,4,3,Wednesday,4,Weekday
310,2020-11-05,2020,11,4,5,4,Thursday,5,Weekday
311,2020-11-06,2020,11,4,6,5,Friday,6,Weekday
312,2020-11-07,2020,11,4,7,6,Saturday,7,Weekend
313,2020-11-08,2020,11,4,8,7,Sunday,8,Weekend
314,2020-11-09,2020,11,4,9,1,Monday,9,Weekday
315,2020-11-10,2020,11,4,10,2,Tuesday,10,Weekday
316,2020-11-11,2020,11,4,11,3,Wednesday,11,Weekday
317,2020-11-12,2020,11,4,12,4,Thursday,12,Weekday
318,2020-11-13,2020,11,4,13,5,Friday,13,Weekday
319,2020-11-14,2020,11,4,14,6,Saturday,14,Weekend
320,2020-11-15,2020,11,4,15,7,Sunday,15,Weekend
321,2020-11-16,2020,11,4,16,1,Monday,16,Weekday
322,2020-11-17,2020,11,4,17,2,Tuesday,17,Weekday
323,2020-11-18,2020,11,4,18,3,Wednesday,18,Weekday
324,2020-11-19,2020,11,4,19,4,Thursday,19,Weekday
325,2020-11-20,2020,11,4,20,5,Friday,20,Weekday
326,2020-11-21,2020,11,4,21,6,Saturday,21,Weekend
327,2020-11-22,2020,11,4,22,7,Sunday,22,Weekend
328,2020-11-23,2020,11,4,23,1,Monday,23,Weekday
329,2020-11-24,2020,11,4,24,2,Tuesday,24,Weekday
330,2020-11-25,2020,11,4,25,3,Wednesday,25,Weekday
331,2020-11-26,2020,11,4,26,4,Thursday,26,Weekday
332,2020-11-27,2020,11,4,27,5,Friday,27,Weekday
333,2020-11-28,2020,11,4,28,6,Saturday,28,Weekend
334,2020-11-29,2020,11,4,29,7,Sunday,29,Weekend
335,2020-11-30,2020,11,4,30,1,Monday,30,Weekday
336,2020-12-01,2020,12,4,1,2,Tuesday,1,Weekday
337,2020-12-02,2020,12,4,2,3,Wednesday,2,Weekday
338,2020-12-03,2020,12,4,3,4,Thursday,3,Weekday
339,2020-12-04,2020,12,4,4,5,Friday,4,Weekday
340,2020-12-05,2020,12,4,5,6,Saturday,5,Weekend
341,2020-12-06,2020,12,4,6,7,Sunday,6,Weekend
342,2020-12-07,2020,12,4,7,1,Monday,7,Weekday
343,2020-12-08,2020,12,4,8,2,Tuesday,8,Weekday
344,2020-12-09,2020,12,4,9,3,Wednesday,9,Weekday
345,2020-12-10,2020,12,4,10,4,Thursday,10,Weekday
346,2020-12-11,2020,12,4,11,5,Friday,11,Weekday
347,2020-12-12,2020,12,4,12,6,Saturday,12,Weekend
348,2020-12-13,2020,12,4,13,7,Sunday,13,Weekend
349,2020-12-14,2020,12,4,14,1,Monday,14,Weekday
350,2020-12-15,2020,12,4,15,2,Tuesday,15,Weekday
351,2020-12-16,2020,12,4,16,3,Wednesday,16,Weekday
352,2020-12-17,2020,12,4,17,4,Thursday,17,Weekday
353,2020-12-18,2020,12,4,18,5,Friday,18,Weekday
354,2020-12-19,2020,12,4,19,6,Saturday,19,Weekend
355,2020-12-20,2020,12,4,20,7,Sunday,20,Weekend
356,2020-12-21,2020,12,4,21,1,Monday,21,Weekday
357,2020-12-22,2020,12,4,22,2,Tuesday,22,Weekday
358,2020-12-23,2020,12,4,23,3,Wednesday,23,Weekday
359,2020-12-24,2020,12,4,24,4,Thursday,24,Weekday
360,2020-12-25,2020,12,4,25,5,Friday,25,Weekday
361,2020-12-26,2020,12,4,26,6,Saturday,26,Weekend
362,2020-12-27,2020,12,4,27,7,Sunday,27,Weekend
363,2020-12-28,2020,12,4,28,1,Monday,28,Weekday
364,2020-12-29,2020,12,4,29,2,Tuesday,29,Weekday
365,2020-12-30,2020,12,4,30,3,Wednesday,30,Weekday
366,2020-12-31,2020,12,4,31,4,Thursday,31,Weekday
367,2021-01-01,2021,1,1,1,5,Friday,1,Weekday
368,2021-01-02,2021,1,1,2,6,Saturday,2,Weekend
369,2021-01-03,2021,1,1,3,7,Sunday,3,Weekend
370,2021-01-04,2021,1,1,4,1,Monday,4,Weekday
371,2021-01-05,2021,1,1,5,2,Tuesday,5,Weekday
372,2021-01-06,2021,1,1,6,3,Wednesday,6,Weekday
373,2021-01-07,2021,1,1,7,4,Thursday,7,Weekday
374,2021-01-08,2021,1,1,8,5,Friday,8,Weekday
375,2021-01-09,2021,1,1,9,6,Saturday,9,Weekend
376,2021-01-10,2021,1,1,10,7,Sunday,10,Weekend
377,2021-01-11,2021,1,1,11,1,Monday,11,Weekday
378,2021-01-12,2021,1,1,12,2,Tuesday,12,Weekday
379,2021-01-13,2021,1,1,13,3,Wednesday,13,Weekday
380,2021-01-14,2021,1,1,14,4,Thursday,14,Weekday
381,2021-01-15,2021,1,1,15,5,Friday,15,Weekday
382,2021-01-16,2021,1,1,16,6,Saturday,16,Weekend
383,2021-01-17,2021,1,1,17,7,Sunday,17,Weekend
384,2021-01-18,2021,1,1,18,1,Monday,18,Weekday
385,2021-01-19,2021,1,1,19,2,Tuesday,19,Weekday
386,2021-01-20,2021,1,1,20,3,Wednesday,20,Weekday
387,2021-01-21,2021,1,1,21,4,Thursday,21,Weekday
388,2021-01-22,2021,1,1,22,5,Friday,22,Weekday
389,2021-01-23,2021,1,1,23,6,Saturday,23,Weekend
390,2021-01-24,2021,1,1,24,7,Sunday,24,Weekend
391,2021-01-25,2021,1,1,25,1,Monday,25,Weekday
392,2021-01-26,2021,1,1,26,2,Tuesday,26,Weekday
393,2021-01-27,2021,1,1,27,3,Wednesday,27,Weekday
394,2021-01-28,2021,1,1,28,4,Thursday,28,Weekday
395,2021-01-29,2021,1,1,29,5,Friday,29,Weekday
396,2021-01-30,2021,1,1,30,6,Saturday,30,Weekend
397,2021-01-31,2021,1,1,31,7,Sunday,31,Weekend
398,2021-02-01,2021,2,1,1,1,Monday,1,Weekday
399,2021-02-02,2021,2,1,2,2,Tuesday,2,Weekday
400,2021-02-03,2021,2,1,3,3,Wednesday,3,Weekday
401,2021-02-04,2021,2,1,4,4,Thursday,4,Weekday
402,2021-02-05,2021,2,1,5,5,Friday,5,Weekday
403,2021-02-06,2021,2,1,6,6,Saturday,6,Weekend
404,2021-02-07,2021,2,1,7,7,Sunday,7,Weekend
405,2021-02-08,2021,2,1,8,1,Monday,8,Weekday
406,2021-02-09,2021,2,1,9,2,Tuesday,9,Weekday
407,2021-02-10,2021,2,1,10,3,Wednesday,10,Weekday
408,2021-02-11,2021,2,1,11,4,Thursday,11,Weekday
409,2021-02-12,2021,2,1,12,5,Friday,12,Weekday
410,2021-02-13,2021,2,1,13,6,Saturday,13,Weekend
411,2021-02-14,2021,2,1,14,7,Sunday,14,Weekend
412,2021-02-15,2021,2,1,15,1,Monday,15,Weekday
413,2021-02-16,2021,2,1,16,2,Tuesday,16,Weekday
414,2021-02-17,2021,2,1,17,3,Wednesday,17,Weekday
415,2021-02-18,2021,2,1,18,4,Thursday,18,Weekday
416,2021-02-19,2021,2,1,19,5,Friday,19,Weekday
417,2021-02-20,2021,2,1,20,6,Saturday,20,Weekend
418,2021-02-21,2021,2,1,21,7,Sunday,21,Weekend
419,2021-02-22,2021,2,1,22,1,Monday,22,Weekday
420,2021-02-23,2021,2,1,23,2,Tuesday,23,Weekday
421,2021-02-24,2021,2,1,24,3,Wednesday,24,Weekday
422,2021-02-25,2021,2,1,25,4,Thursday,25,Weekday
423,2021-02-26,2021,2,1,26,5,Friday,26,Weekday
424,2021-02-27,2021,2,1,27,6,Saturday,27,Weekend
425,2021-02-28,2021,2,1,28,7,Sunday,28,Weekend
426,2021-03-01,2021,3,1,1,1,Monday,1,Weekday
427,2021-03-02,2021,3,1,2,2,Tuesday,2,Weekday
428,2021-03-03,2021,3,1,3,3,Wednesday,3,Weekday
429,2021-03-04,2021,3,1,4,4,Thursday,4,Weekday
430,2021-03-05,2021,3,1,5,5,Friday,5,Weekday
431,2021-03-06,2021,3,1,6,6,Saturday,6,Weekend
432,2021-03-07,2021,3,1,7,7,Sunday,7,Weekend
433,2021-03-08,2021,3,1,8,1,Monday,8,Weekday
434,2021-03-09,2021,3,1,9,2,Tuesday,9,Weekday
435,2021-03-10,2021,3,1,10,3,Wednesday,10,Weekday
436,2021-03-11,2021,3,1,11,4,Thursday,11,Weekday
437,2021-03-12,2021,3,1,12,5,Friday,12,Weekday
438,2021-03-13,2021,3,1,13,6,Saturday,13,Weekend
439,2021-03-14,2021,3,1,14,7,Sunday,14,Weekend
440,2021-03-15,2021,3,1,15,1,Monday,15,Weekday
441,2021-03-16,2021,3,1,16,2,Tuesday,16,Weekday
442,2021-03-17,2021,3,1,17,3,Wednesday,17,Weekday
443,2021-03-18,2021,3,1,18,4,Thursday,18,Weekday
444,2021-03-19,2021,3,1,19,5,Friday,19,Weekday
445,2021-03-20,2021,3,1,20,6,Saturday,20,Weekend
446,2021-03-21,2021,3,1,21,7,Sunday,21,Weekend
447,2021-03-22,2021,3,1,22,1,Monday,22,Weekday
448,2021-03-23,2021,3,1,23,2,Tuesday,23,Weekday
449,2021-03-24,2021,3,1,24,3,Wednesday,24,Weekday
450,2021-03-25,2021,3,1,25,4,Thursday,25,Weekday
451,2021-03-26,2021,3,1,26,5,Friday,26,Weekday
452,2021-03-27,2021,3,1,27,6,Saturday,27,Weekend
453,2021-03-28,2021,3,1,28,7,Sunday,28,Weekend
454,2021-03-29,2021,3,1,29,1,Monday,29,Weekday
455,2021-03-30,2021,3,1,30,2,Tuesday,30,Weekday
456,2021-03-31,2021,3,1,31,3,Wednesday,31,Weekday
457,2021-04-01,2021,4,2,1,4,Thursday,1,Weekday
458,2021-04-02,2021,4,2,2,5,Friday,2,Weekday
459,2021-04-03,2021,4,2,3,6,Saturday,3,Weekend
460,2021-04-04,2021,4,2,4,7,Sunday,4,Weekend
461,2021-04-05,2021,4,2,5,1,Monday,5,Weekday
462,2021-04-06,2021,4,2,6,2,Tuesday,6,Weekday
463,2021-04-07,2021,4,2,7,3,Wednesday,7,Weekday
464,2021-04-08,2021,4,2,8,4,Thursday,8,Weekday
465,2021-04-09,2021,4,2,9,5,Friday,9,Weekday
466,2021-04-10,2021,4,2,10,6,Saturday,10,Weekend
467,2021-04-11,2021,4,2,11,7,Sunday,11,Weekend
468,2021-04-12,2021,4,2,12,1,Monday,12,Weekday
469,2021-04-13,2021,4,2,13,2,Tuesday,13,Weekday
470,2021-04-14,2021,4,2,14,3,Wednesday,14,Weekday
471,2021-04-15,2021,4,2,15,4,Thursday,15,Weekday
472,2021-04-16,2021,4,2,16,5,Friday,16,Weekday
473,2021-04-17,2021,4,2,17,6,Saturday,17,Weekend
474,2021-04-18,2021,4,2,18,7,Sunday,18,Weekend
475,2021-04-19,2021,4,2,19,1,Monday,19,Weekday
476,2021-04-20,2021,4,2,20,2,Tuesday,20,Weekday
477,2021-04-21,2021,4,2,21,3,Wednesday,21,Weekday
478,2021-04-22,2021,4,2,22,4,Thursday,22,Weekday
479,2021-04-23,2021,4,2,23,5,Friday,23,Weekday
480,2021-04-24,2021,4,2,24,6,Saturday,24,Weekend
481,2021-04-25,2021,4,2,25,7,Sunday,25,Weekend
482,2021-04-26,2021,4,2,26,1,Monday,26,Weekday
483,2021-04-27,2021,4,2,27,2,Tuesday,27,Weekday
484,2021-04-28,2021,4,2,28,3,Wednesday,28,Weekday
485,2021-04-29,2021,4,2,29,4,Thursday,29,Weekday
486,2021-04-30,2021,4,2,30,5,Friday,30,Weekday
487,2021-05-01,2021,5,2,1,6,Saturday,1,Weekend
488,2021-05-02,2021,5,2,2,7,Sunday,2,Weekend
489,2021-05-03,2021,5,2,3,1,Monday,3,Weekday
490,2021-05-04,2021,5,2,4,2,Tuesday,4,Weekday
491,2021-05-05,2021,5,2,5,3,Wednesday,5,Weekday
492,2021-05-06,2021,5,2,6,4,Thursday,6,Weekday
493,2021-05-07,2021,5,2,7,5,Friday,7,Weekday
494,2021-05-08,2021,5,2,8,6,Saturday,8,Weekend
495,2021-05-09,2021,5,2,9,7,Sunday,9,Weekend
496,2021-05-10,2021,5,2,10,1,Monday,10,Weekday
497,2021-05-11,2021,5,2,11,2,Tuesday,11,Weekday
498,2021-05-12,2021,5,2,12,3,Wednesday,12,Weekday
499,2021-05-13,2021,5,2,13,4,Thursday,13,Weekday
500,2021-05-14,2021,5,2,14,5,Friday,14,Weekday
501,2021-05-15,2021,5,2,15,6,Saturday,15,Weekend
502,2021-05-16,2021,5,2,16,7,Sunday,16,Weekend
503,2021-05-17,2021,5,2,17,1,Monday,17,Weekday
504,2021-05-18,2021,5,2,18,2,Tuesday,18,Weekday
505,2021-05-19,2021,5,2,19,3,Wednesday,19,Weekday
506,2021-05-20,2021,5,2,20,4,Thursday,20,Weekday
507,2021-05-21,2021,5,2,21,5,Friday,21,Weekday
508,2021-05-22,2021,5,2,22,6,Saturday,22,Weekend
509,2021-05-23,2021,5,2,23,7,Sunday,23,Weekend
510,2021-05-24,2021,5,2,24,1,Monday,24,Weekday
511,2021-05-25,2021,5,2,25,2,Tuesday,25,Weekday
512,2021-05-26,2021,5,2,26,3,Wednesday,26,Weekday
513,2021-05-27,2021,5,2,27,4,Thursday,27,Weekday
514,2021-05-28,2021,5,2,28,5,Friday,28,Weekday
515,2021-05-29,2021,5,2,29,6,Saturday,29,Weekend
516,2021-05-30,2021,5,2,30,7,Sunday,30,Weekend
517,2021-05-31,2021,5,2,31,1,Monday,31,Weekday
518,2021-06-01,2021,6,2,1,2,Tuesday,1,Weekday
519,2021-06-02,2021,6,2,2,3,Wednesday,2,Weekday
520,2021-06-03,2021,6,2,3,4,Thursday,3,Weekday
521,2021-06-04,2021,6,2,4,5,Friday,4,Weekday
522,2021-06-05,2021,6,2,5,6,Saturday,5,Weekend
523,2021-06-06,2021,6,2,6,7,Sunday,6,Weekend
524,2021-06-07,2021,6,2,7,1,Monday,7,Weekday
525,2021-06-08,2021,6,2,8,2,Tuesday,8,Weekday
526,2021-06-09,2021,6,2,9,3,Wednesday,9,Weekday
527,2021-06-10,2021,6,2,10,4,Thursday,10,Weekday
528,2021-06-11,2021,6,2,11,5,Friday,11,Weekday
529,2021-06-12,2021,6,2,12,6,Saturday,12,Weekend
530,2021-06-13,2021,6,2,13,7,Sunday,13,Weekend
531,2021-06-14,2021,6,2,14,1,Monday,14,Weekday
532,2021-06-15,2021,6,2,15,2,Tuesday,15,Weekday
533,2021-06-16,2021,6,2,16,3,Wednesday,16,Weekday
534,2021-06-17,2021,6,2,17,4,Thursday,17,Weekday
535,2021-06-18,2021,6,2,18,5,Friday,18,Weekday
536,2021-06-19,2021,6,2,19,6,Saturday,19,Weekend
537,2021-06-20,2021,6,2,20,7,Sunday,20,Weekend
538,2021-06-21,2021,6,2,21,1,Monday,21,Weekday
539,2021-06-22,2021,6,2,22,2,Tuesday,22,Weekday
540,2021-06-23,2021,6,2,23,3,Wednesday,23,Weekday
541,2021-06-24,2021,6,2,24,4,Thursday,24,Weekday
542,2021-06-25,2021,6,2,25,5,Friday,25,Weekday
543,2021-06-26,2021,6,2,26,6,Saturday,26,Weekend
544,2021-06-27,2021,6,2,27,7,Sunday,27,Weekend
545,2021-06-28,2021,6,2,28,1,Monday,28,Weekday
546,2021-06-29,2021,6,2,29,2,Tuesday,29,Weekday
547,2021-06-30,2021,6,2,30,3,Wednesday,30,Weekday
548,2021-07-01,2021,7,3,1,4,Thursday,1,Weekday
549,2021-07-02,2021,7,3,2,5,Friday,2,Weekday
550,2021-07-03,2021,7,3,3,6,Saturday,3,Weekend
551,2021-07-04,2021,7,3,4,7,Sunday,4,Weekend
552,2021-07-05,2021,7,3,5,1,Monday,5,Weekday
553,2021-07-06,2021,7,3,6,2,Tuesday,6,Weekday
554,2021-07-07,2021,7,3,7,3,Wednesday,7,Weekday
555,2021-07-08,2021,7,3,8,4,Thursday,8,Weekday
556,2021-07-09,2021,7,3,9,5,Friday,9,Weekday
557,2021-07-10,2021,7,3,10,6,Saturday,10,Weekend
558,2021-07-11,2021,7,3,11,7,Sunday,11,Weekend
559,2021-07-12,2021,7,3,12,1,Monday,12,Weekday
560,2021-07-13,2021,7,3,13,2,Tuesday,13,Weekday
561,2021-07-14,2021,7,3,14,3,Wednesday,14,Weekday
562,2021-07-15,2021,7,3,15,4,Thursday,15,Weekday
563,2021-07-16,2021,7,3,16,5,Friday,16,Weekday
564,2021-07-17,2021,7,3,17,6,Saturday,17,Weekend
565,2021-07-18,2021,7,3,18,7,Sunday,18,Weekend
566,2021-07-19,2021,7,3,19,1,Monday,19,Weekday
567,2021-07-20,2021,7,3,20,2,Tuesday,20,Weekday
568,2021-07-21,2021,7,3,21,3,Wednesday,21,Weekday
569,2021-07-22,2021,7,3,22,4,Thursday,22,Weekday
570,2021-07-23,2021,7,3,23,5,Friday,23,Weekday
571,2021-07-24,2021,7,3,24,6,Saturday,24,Weekend
572,2021-07-25,2021,7,3,25,7,Sunday,25,Weekend
573,2021-07-26,2021,7,3,26,1,Monday,26,Weekday
574,2021-07-27,2021,7,3,27,2,Tuesday,27,Weekday
575,2021-07-28,2021,7,3,28,3,Wednesday,28,Weekday
576,2021-07-29,2021,7,3,29,4,Thursday,29,Weekday
577,2021-07-30,2021,7,3,30,5,Friday,30,Weekday
578,2021-07-31,2021,7,3,31,6,Saturday,31,Weekend
579,2021-08-01,2021,8,3,1,7,Sunday,1,Weekend
580,2021-08-02,2021,8,3,2,1,Monday,2,Weekday
581,2021-08-03,2021,8,3,3,2,Tuesday,3,Weekday
582,2021-08-04,2021,8,3,4,3,Wednesday,4,Weekday
583,2021-08-05,2021,8,3,5,4,Thursday,5,Weekday
584,2021-08-06,2021,8,3,6,5,Friday,6,Weekday
585,2021-08-07,2021,8,3,7,6,Saturday,7,Weekend
586,2021-08-08,2021,8,3,8,7,Sunday,8,Weekend
587,2021-08-09,2021,8,3,9,1,Monday,9,Weekday
588,2021-08-10,2021,8,3,10,2,Tuesday,10,Weekday
589,2021-08-11,2021,8,3,11,3,Wednesday,11,Weekday
590,2021-08-12,2021,8,3,12,4,Thursday,12,Weekday
591,2021-08-13,2021,8,3,13,5,Friday,13,Weekday
592,2021-08-14,2021,8,3,14,6,Saturday,14,Weekend
593,2021-08-15,2021,8,3,15,7,Sunday,15,Weekend
594,2021-08-16,2021,8,3,16,1,Monday,16,Weekday
595,2021-08-17,2021,8,3,17,2,Tuesday,17,Weekday
596,2021-08-18,2021,8,3,18,3,Wednesday,18,Weekday
597,2021-08-19,2021,8,3,19,4,Thursday,19,Weekday
598,2021-08-20,2021,8,3,20,5,Friday,20,Weekday
599,2021-08-21,2021,8,3,21,6,Saturday,21,Weekend
600,2021-08-22,2021,8,3,22,7,Sunday,22,Weekend
601,2021-08-23,2021,8,3,23,1,Monday,23,Weekday
602,2021-08-24,2021,8,3,24,2,Tuesday,24,Weekday
603,2021-08-25,2021,8,3,25,3,Wednesday,25,Weekday
604,2021-08-26,2021,8,3,26,4,Thursday,26,Weekday
605,2021-08-27,2021,8,3,27,5,Friday,27,Weekday
606,2021-08-28,2021,8,3,28,6,Saturday,28,Weekend
607,2021-08-29,2021,8,3,29,7,Sunday,29,Weekend
608,2021-08-30,2021,8,3,30,1,Monday,30,Weekday
609,2021-08-31,2021,8,3,31,2,Tuesday,31,Weekday
610,2021-09-01,2021,9,3,1,3,Wednesday,1,Weekday
611,2021-09-02,2021,9,3,2,4,Thursday,2,Weekday
612,2021-09-03,2021,9,3,3,5,Friday,3,Weekday
613,2021-09-04,2021,9,3,4,6,Saturday,4,Weekend
614,2021-09-05,2021,9,3,5,7,Sunday,5,Weekend
615,2021-09-06,2021,9,3,6,1,Monday,6,Weekday
616,2021-09-07,2021,9,3,7,2,Tuesday,7,Weekday
617,2021-09-08,2021,9,3,8,3,Wednesday,8,Weekday
618,2021-09-09,2021,9,3,9,4,Thursday,9,Weekday
619,2021-09-10,2021,9,3,10,5,Friday,10,Weekday
620,2021-09-11,2021,9,3,11,6,Saturday,11,Weekend
621,2021-09-12,2021,9,3,12,7,Sunday,12,Weekend
622,2021-09-13,2021,9,3,13,1,Monday,13,Weekday
623,2021-09-14,2021,9,3,14,2,Tuesday,14,Weekday
624,2021-09-15,2021,9,3,15,3,Wednesday,15,Weekday
625,2021-09-16,2021,9,3,16,4,Thursday,16,Weekday
626,2021-09-17,2021,9,3,17,5,Friday,17,Weekday
627,2021-09-18,2021,9,3,18,6,Saturday,18,Weekend
628,2021-09-19,2021,9,3,19,7,Sunday,19,Weekend
629,2021-09-20,2021,9,3,20,1,Monday,20,Weekday
630,2021-09-21,2021,9,3,21,2,Tuesday,21,Weekday
631,2021-09-22,2021,9,3,22,3,Wednesday,22,Weekday
632,2021-09-23,2021,9,3,23,4,Thursday,23,Weekday
633,2021-09-24,2021,9,3,24,5,Friday,24,Weekday
634,2021-09-25,2021,9,3,25,6,Saturday,25,Weekend
635,2021-09-26,2021,9,3,26,7,Sunday,26,Weekend
636,2021-09-27,2021,9,3,27,1,Monday,27,Weekday
637,2021-09-28,2021,9,3,28,2,Tuesday,28,Weekday
638,2021-09-29,2021,9,3,29,3,Wednesday,29,Weekday
639,2021-09-30,2021,9,3,30,4,Thursday,30,Weekday
640,2021-10-01,2021,10,4,1,5,Friday,1,Weekday
641,2021-10-02,2021,10,4,2,6,Saturday,2,Weekend
642,2021-10-03,2021,10,4,3,7,Sunday,3,Weekend
643,2021-10-04,2021,10,4,4,1,Monday,4,Weekday
644,2021-10-05,2021,10,4,5,2,Tuesday,5,Weekday
645,2021-10-06,2021,10,4,6,3,Wednesday,6,Weekday
646,2021-10-07,2021,10,4,7,4,Thursday,7,Weekday
647,2021-10-08,2021,10,4,8,5,Friday,8,Weekday
648,2021-10-09,2021,10,4,9,6,Saturday,9,Weekend
649,2021-10-10,2021,10,4,10,7,Sunday,10,Weekend
650,2021-10-11,2021,10,4,11,1,Monday,11,Weekday
651,2021-10-12,2021,10,4,12,2,Tuesday,12,Weekday
652,2021-10-13,2021,10,4,13,3,Wednesday,13,Weekday
653,2021-10-14,2021,10,4,14,4,Thursday,14,Weekday
654,2021-10-15,2021,10,4,15,5,Friday,15,Weekday
655,2021-10-16,2021,10,4,16,6,Saturday,16,Weekend
656,2021-10-17,2021,10,4,17,7,Sunday,17,Weekend
657,2021-10-18,2021,10,4,18,1,Monday,18,Weekday
658,2021-10-19,2021,10,4,19,2,Tuesday,19,Weekday
659,2021-10-20,2021,10,4,20,3,Wednesday,20,Weekday
660,2021-10-21,2021,10,4,21,4,Thursday,21,Weekday
661,2021-10-22,2021,10,4,22,5,Friday,22,Weekday
662,2021-10-23,2021,10,4,23,6,Saturday,23,Weekend
663,2021-10-24,2021,10,4,24,7,Sunday,24,Weekend
664,2021-10-25,2021,10,4,25,1,Monday,25,Weekday
665,2021-10-26,2021,10,4,26,2,Tuesday,26,Weekday
666,2021-10-27,2021,10,4,27,3,Wednesday,27,Weekday
667,2021-10-28,2021,10,4,28,4,Thursday,28,Weekday
668,2021-10-29,2021,10,4,29,5,Friday,29,Weekday
669,2021-10-30,2021,10,4,30,6,Saturday,30,Weekend
670,2021-10-31,2021,10,4,31,7,Sunday,31,Weekend
671,2021-11-01,2021,11,4,1,1,Monday,1,Weekday
672,2021-11-02,2021,11,4,2,2,Tuesday,2,Weekday
673,2021-11-03,2021,11,4,3,3,Wednesday,3,Weekday
674,2021-11-04,2021,11,4,4,4,Thursday,4,Weekday
675,2021-11-05,2021,11,4,5,5,Friday,5,Weekday
676,2021-11-06,2021,11,4,6,6,Saturday,6,Weekend
677,2021-11-07,2021,11,4,7,7,Sunday,7,Weekend
678,2021-11-08,2021,11,4,8,1,Monday,8,Weekday
679,2021-11-09,2021,11,4,9,2,Tuesday,9,Weekday
680,2021-11-10,2021,11,4,10,3,Wednesday,10,Weekday
681,2021-11-11,2021,11,4,11,4,Thursday,11,Weekday
682,2021-11-12,2021,11,4,12,5,Friday,12,Weekday
683,2021-11-13,2021,11,4,13,6,Saturday,13,Weekend
684,2021-11-14,2021,11,4,14,7,Sunday,14,Weekend
685,2021-11-15,2021,11,4,15,1,Monday,15,Weekday
686,2021-11-16,2021,11,4,16,2,Tuesday,16,Weekday
687,2021-11-17,2021,11,4,17,3,Wednesday,17,Weekday
688,2021-11-18,2021,11,4,18,4,Thursday,18,Weekday
689,2021-11-19,2021,11,4,19,5,Friday,19,Weekday
690,2021-11-20,2021,11,4,20,6,Saturday,20,Weekend
691,2021-11-21,2021,11,4,21,7,Sunday,21,Weekend
692,2021-11-22,2021,11,4,22,1,Monday,22,Weekday
693,2021-11-23,2021,11,4,23,2,Tuesday,23,Weekday
694,2021-11-24,2021,11,4,24,3,Wednesday,24,Weekday
695,2021-11-25,2021,11,4,25,4,Thursday,25,Weekday
696,2021-11-26,2021,11,4,26,5,Friday,26,Weekday
697,2021-11-27,2021,11,4,27,6,Saturday,27,Weekend
698,2021-11-28,2021,11,4,28,7,Sunday,28,Weekend
699,2021-11-29,2021,11,4,29,1,Monday,29,Weekday
700,2021-11-30,2021,11,4,30,2,Tuesday,30,Weekday
701,2021-12-01,2021,12,4,1,3,Wednesday,1,Weekday
702,2021-12-02,2021,12,4,2,4,Thursday,2,Weekday
703,2021-12-03,2021,12,4,3,5,Friday,3,Weekday
704,2021-12-04,2021,12,4,4,6,Saturday,4,Weekend
705,2021-12-05,2021,12,4,5,7,Sunday,5,Weekend
706,2021-12-06,2021,12,4,6,1,Monday,6,Weekday
707,2021-12-07,2021,12,4,7,2,Tuesday,7,Weekday
708,2021-12-08,2021,12,4,8,3,Wednesday,8,Weekday
709,2021-12-09,2021,12,4,9,4,Thursday,9,Weekday
710,2021-12-10,2021,12,4,10,5,Friday,10,Weekday
711,2021-12-11,2021,12,4,11,6,Saturday,11,Weekend
712,2021-12-12,2021,12,4,12,7,Sunday,12,Weekend
713,2021-12-13,2021,12,4,13,1,Monday,13,Weekday
714,2021-12-14,2021,12,4,14,2,Tuesday,14,Weekday
715,2021-12-15,2021,12,4,15,3,Wednesday,15,Weekday
716,2021-12-16,2021,12,4,16,4,Thursday,16,Weekday
717,2021-12-17,2021,12,4,17,5,Friday,17,Weekday
718,2021-12-18,2021,12,4,18,6,Saturday,18,Weekend
719,2021-12-19,2021,12,4,19,7,Sunday,19,Weekend
720,2021-12-20,2021,12,4,20,1,Monday,20,Weekday
721,2021-12-21,2021,12,4,21,2,Tuesday,21,Weekday
722,2021-12-22,2021,12,4,22,3,Wednesday,22,Weekday
723,2021-12-23,2021,12,4,23,4,Thursday,23,Weekday
724,2021-12-24,2021,12,4,24,5,Friday,24,Weekday
725,2021-12-25,2021,12,4,25,6,Saturday,25,Weekend
726,2021-12-26,2021,12,4,26,7,Sunday,26,Weekend
727,2021-12-27,2021,12,4,27,1,Monday,27,Weekday
728,2021-12-28,2021,12,4,28,2,Tuesday,28,Weekday
729,2021-12-29,2021,12,4,29,3,Wednesday,29,Weekday
730,2021-12-30,2021,12,4,30,4,Thursday,30,Weekday
731,2021-12-31,2021,12,4,31,5,Friday,31,Weekday
732,2022-01-01,2022,1,1,1,6,Saturday,1,Weekend
733,2022-01-02,2022,1,1,2,7,Sunday,2,Weekend
734,2022-01-03,2022,1,1,3,1,Monday,3,Weekday
735,2022-01-04,2022,1,1,4,2,Tuesday,4,Weekday
736,2022-01-05,2022,1,1,5,3,Wednesday,5,Weekday
737,2022-01-06,2022,1,1,6,4,Thursday,6,Weekday
738,2022-01-07,2022,1,1,7,5,Friday,7,Weekday
739,2022-01-08,2022,1,1,8,6,Saturday,8,Weekend
740,2022-01-09,2022,1,1,9,7,Sunday,9,Weekend
741,2022-01-10,2022,1,1,10,1,Monday,10,Weekday
742,2022-01-11,2022,1,1,11,2,Tuesday,11,Weekday
743,2022-01-12,2022,1,1,12,3,Wednesday,12,Weekday
744,2022-01-13,2022,1,1,13,4,Thursday,13,Weekday
745,2022-01-14,2022,1,1,14,5,Friday,14,Weekday
746,2022-01-15,2022,1,1,15,6,Saturday,15,Weekend
747,2022-01-16,2022,1,1,16,7,Sunday,16,Weekend
748,2022-01-17,2022,1,1,17,1,Monday,17,Weekday
749,2022-01-18,2022,1,1,18,2,Tuesday,18,Weekday
750,2022-01-19,2022,1,1,19,3,Wednesday,19,Weekday
751,2022-01-20,2022,1,1,20,4,Thursday,20,Weekday
752,2022-01-21,2022,1,1,21,5,Friday,21,Weekday
753,2022-01-22,2022,1,1,22,6,Saturday,22,Weekend
754,2022-01-23,2022,1,1,23,7,Sunday,23,Weekend
755,2022-01-24,2022,1,1,24,1,Monday,24,Weekday
756,2022-01-25,2022,1,1,25,2,Tuesday,25,Weekday
757,2022-01-26,2022,1,1,26,3,Wednesday,26,Weekday
758,2022-01-27,2022,1,1,27,4,Thursday,27,Weekday
759,2022-01-28,2022,1,1,28,5,Friday,28,Weekday
760,2022-01-29,2022,1,1,29,6,Saturday,29,Weekend
761,2022-01-30,2022,1,1,30,7,Sunday,30,Weekend
762,2022-01-31,2022,1,1,31,1,Monday,31,Weekday
763,2022-02-01,2022,2,1,1,2,Tuesday,1,Weekday
764,2022-02-02,2022,2,1,2,3,Wednesday,2,Weekday
765,2022-02-03,2022,2,1,3,4,Thursday,3,Weekday
766,2022-02-04,2022,2,1,4,5,Friday,4,Weekday
767,2022-02-05,2022,2,1,5,6,Saturday,5,Weekend
768,2022-02-06,2022,2,1,6,7,Sunday,6,Weekend
769,2022-02-07,2022,2,1,7,1,Monday,7,Weekday
770,2022-02-08,2022,2,1,8,2,Tuesday,8,Weekday
771,2022-02-09,2022,2,1,9,3,Wednesday,9,Weekday
772,2022-02-10,2022,2,1,10,4,Thursday,10,Weekday
773,2022-02-11,2022,2,1,11,5,Friday,11,Weekday
774,2022-02-12,2022,2,1,12,6,Saturday,12,Weekend
775,2022-02-13,2022,2,1,13,7,Sunday,13,Weekend
776,2022-02-14,2022,2,1,14,1,Monday,14,Weekday
777,2022-02-15,2022,2,1,15,2,Tuesday,15,Weekday
778,2022-02-16,2022,2,1,16,3,Wednesday,16,Weekday
779,2022-02-17,2022,2,1,17,4,Thursday,17,Weekday
780,2022-02-18,2022,2,1,18,5,Friday,18,Weekday
781,2022-02-19,2022,2,1,19,6,Saturday,19,Weekend
782,2022-02-20,2022,2,1,20,7,Sunday,20,Weekend
783,2022-02-21,2022,2,1,21,1,Monday,21,Weekday
784,2022-02-22,2022,2,1,22,2,Tuesday,22,Weekday
785,2022-02-23,2022,2,1,23,3,Wednesday,23,Weekday
786,2022-02-24,2022,2,1,24,4,Thursday,24,Weekday
787,2022-02-25,2022,2,1,25,5,Friday,25,Weekday
788,2022-02-26,2022,2,1,26,6,Saturday,26,Weekend
789,2022-02-27,2022,2,1,27,7,Sunday,27,Weekend
790,2022-02-28,2022,2,1,28,1,Monday,28,Weekday
791,2022-03-01,2022,3,1,1,2,Tuesday,1,Weekday
792,2022-03-02,2022,3,1,2,3,Wednesday,2,Weekday
793,2022-03-03,2022,3,1,3,4,Thursday,3,Weekday
794,2022-03-04,2022,3,1,4,5,Friday,4,Weekday
795,2022-03-05,2022,3,1,5,6,Saturday,5,Weekend
796,2022-03-06,2022,3,1,6,7,Sunday,6,Weekend
797,2022-03-07,2022,3,1,7,1,Monday,7,Weekday
798,2022-03-08,2022,3,1,8,2,Tuesday,8,Weekday
799,2022-03-09,2022,3,1,9,3,Wednesday,9,Weekday
800,2022-03-10,2022,3,1,10,4,Thursday,10,Weekday
801,2022-03-11,2022,3,1,11,5,Friday,11,Weekday
802,2022-03-12,2022,3,1,12,6,Saturday,12,Weekend
803,2022-03-13,2022,3,1,13,7,Sunday,13,Weekend
804,2022-03-14,2022,3,1,14,1,Monday,14,Weekday
805,2022-03-15,2022,3,1,15,2,Tuesday,15,Weekday
806,2022-03-16,2022,3,1,16,3,Wednesday,16,Weekday
807,2022-03-17,2022,3,1,17,4,Thursday,17,Weekday
808,2022-03-18,2022,3,1,18,5,Friday,18,Weekday
809,2022-03-19,2022,3,1,19,6,Saturday,19,Weekend
810,2022-03-20,2022,3,1,20,7,Sunday,20,Weekend
811,2022-03-21,2022,3,1,21,1,Monday,21,Weekday
812,2022-03-22,2022,3,1,22,2,Tuesday,22,Weekday
813,2022-03-23,2022,3,1,23,3,Wednesday,23,Weekday
814,2022-03-24,2022,3,1,24,4,Thursday,24,Weekday
815,2022-03-25,2022,3,1,25,5,Friday,25,Weekday
816,2022-03-26,2022,3,1,26,6,Saturday,26,Weekend
817,2022-03-27,2022,3,1,27,7,Sunday,27,Weekend
818,2022-03-28,2022,3,1,28,1,Monday,28,Weekday
819,2022-03-29,2022,3,1,29,2,Tuesday,29,Weekday
820,2022-03-30,2022,3,1,30,3,Wednesday,30,Weekday
821,2022-03-31,2022,3,1,31,4,Thursday,31,Weekday
822,2022-04-01,2022,4,2,1,5,Friday,1,Weekday
823,2022-04-02,2022,4,2,2,6,Saturday,2,Weekend
824,2022-04-03,2022,4,2,3,7,Sunday,3,Weekend
825,2022-04-04,2022,4,2,4,1,Monday,4,Weekday
826,2022-04-05,2022,4,2,5,2,Tuesday,5,Weekday
827,2022-04-06,2022,4,2,6,3,Wednesday,6,Weekday
828,2022-04-07,2022,4,2,7,4,Thursday,7,Weekday
829,2022-04-08,2022,4,2,8,5,Friday,8,Weekday
830,2022-04-09,2022,4,2,9,6,Saturday,9,Weekend
831,2022-04-10,2022,4,2,10,7,Sunday,10,Weekend
832,2022-04-11,2022,4,2,11,1,Monday,11,Weekday
833,2022-04-12,2022,4,2,12,2,Tuesday,12,Weekday
834,2022-04-13,2022,4,2,13,3,Wednesday,13,Weekday
835,2022-04-14,2022,4,2,14,4,Thursday,14,Weekday
836,2022-04-15,2022,4,2,15,5,Friday,15,Weekday
837,2022-04-16,2022,4,2,16,6,Saturday,16,Weekend
838,2022-04-17,2022,4,2,17,7,Sunday,17,Weekend
839,2022-04-18,2022,4,2,18,1,Monday,18,Weekday
840,2022-04-19,2022,4,2,19,2,Tuesday,19,Weekday
841,2022-04-20,2022,4,2,20,3,Wednesday,20,Weekday
842,2022-04-21,2022,4,2,21,4,Thursday,21,Weekday
843,2022-04-22,2022,4,2,22,5,Friday,22,Weekday
844,2022-04-23,2022,4,2,23,6,Saturday,23,Weekend
845,2022-04-24,2022,4,2,24,7,Sunday,24,Weekend
846,2022-04-25,2022,4,2,25,1,Monday,25,Weekday
847,2022-04-26,2022,4,2,26,2,Tuesday,26,Weekday
848,2022-04-27,2022,4,2,27,3,Wednesday,27,Weekday
849,2022-04-28,2022,4,2,28,4,Thursday,28,Weekday
850,2022-04-29,2022,4,2,29,5,Friday,29,Weekday
851,2022-04-30,2022,4,2,30,6,Saturday,30,Weekend
852,2022-05-01,2022,5,2,1,7,Sunday,1,Weekend
853,2022-05-02,2022,5,2,2,1,Monday,2,Weekday
854,2022-05-03,2022,5,2,3,2,Tuesday,3,Weekday
855,2022-05-04,2022,5,2,4,3,Wednesday,4,Weekday
856,2022-05-05,2022,5,2,5,4,Thursday,5,Weekday
857,2022-05-06,2022,5,2,6,5,Friday,6,Weekday
858,2022-05-07,2022,5,2,7,6,Saturday,7,Weekend
859,2022-05-08,2022,5,2,8,7,Sunday,8,Weekend
860,2022-05-09,2022,5,2,9,1,Monday,9,Weekday
861,2022-05-10,2022,5,2,10,2,Tuesday,10,Weekday
862,2022-05-11,2022,5,2,11,3,Wednesday,11,Weekday
863,2022-05-12,2022,5,2,12,4,Thursday,12,Weekday
864,2022-05-13,2022,5,2,13,5,Friday,13,Weekday
865,2022-05-14,2022,5,2,14,6,Saturday,14,Weekend
866,2022-05-15,2022,5,2,15,7,Sunday,15,Weekend
867,2022-05-16,2022,5,2,16,1,Monday,16,Weekday
868,2022-05-17,2022,5,2,17,2,Tuesday,17,Weekday
869,2022-05-18,2022,5,2,18,3,Wednesday,18,Weekday
870,2022-05-19,2022,5,2,19,4,Thursday,19,Weekday
871,2022-05-20,2022,5,2,20,5,Friday,20,Weekday
872,2022-05-21,2022,5,2,21,6,Saturday,21,Weekend
873,2022-05-22,2022,5,2,22,7,Sunday,22,Weekend
874,2022-05-23,2022,5,2,23,1,Monday,23,Weekday
875,2022-05-24,2022,5,2,24,2,Tuesday,24,Weekday
876,2022-05-25,2022,5,2,25,3,Wednesday,25,Weekday
877,2022-05-26,2022,5,2,26,4,Thursday,26,Weekday
878,2022-05-27,2022,5,2,27,5,Friday,27,Weekday
879,2022-05-28,2022,5,2,28,6,Saturday,28,Weekend
880,2022-05-29,2022,5,2,29,7,Sunday,29,Weekend
881,2022-05-30,2022,5,2,30,1,Monday,30,Weekday
882,2022-05-31,2022,5,2,31,2,Tuesday,31,Weekday
883,2022-06-01,2022,6,2,1,3,Wednesday,1,Weekday
884,2022-06-02,2022,6,2,2,4,Thursday,2,Weekday
885,2022-06-03,2022,6,2,3,5,Friday,3,Weekday
886,2022-06-04,2022,6,2,4,6,Saturday,4,Weekend
887,2022-06-05,2022,6,2,5,7,Sunday,5,Weekend
888,2022-06-06,2022,6,2,6,1,Monday,6,Weekday
889,2022-06-07,2022,6,2,7,2,Tuesday,7,Weekday
890,2022-06-08,2022,6,2,8,3,Wednesday,8,Weekday
891,2022-06-09,2022,6,2,9,4,Thursday,9,Weekday
892,2022-06-10,2022,6,2,10,5,Friday,10,Weekday
893,2022-06-11,2022,6,2,11,6,Saturday,11,Weekend
894,2022-06-12,2022,6,2,12,7,Sunday,12,Weekend
895,2022-06-13,2022,6,2,13,1,Monday,13,Weekday
896,2022-06-14,2022,6,2,14,2,Tuesday,14,Weekday
897,2022-06-15,2022,6,2,15,3,Wednesday,15,Weekday
898,2022-06-16,2022,6,2,16,4,Thursday,16,Weekday
899,2022-06-17,2022,6,2,17,5,Friday,17,Weekday
900,2022-06-18,2022,6,2,18,6,Saturday,18,Weekend
901,2022-06-19,2022,6,2,19,7,Sunday,19,Weekend
902,2022-06-20,2022,6,2,20,1,Monday,20,Weekday
903,2022-06-21,2022,6,2,21,2,Tuesday,21,Weekday
904,2022-06-22,2022,6,2,22,3,Wednesday,22,Weekday
905,2022-06-23,2022,6,2,23,4,Thursday,23,Weekday
906,2022-06-24,2022,6,2,24,5,Friday,24,Weekday
907,2022-06-25,2022,6,2,25,6,Saturday,25,Weekend
908,2022-06-26,2022,6,2,26,7,Sunday,26,Weekend
909,2022-06-27,2022,6,2,27,1,Monday,27,Weekday
910,2022-06-28,2022,6,2,28,2,Tuesday,28,Weekday
911,2022-06-29,2022,6,2,29,3,Wednesday,29,Weekday
912,2022-06-30,2022,6,2,30,4,Thursday,30,Weekday
913,2022-07-01,2022,7,3,1,5,Friday,1,Weekday
914,2022-07-02,2022,7,3,2,6,Saturday,2,Weekend
915,2022-07-03,2022,7,3,3,7,Sunday,3,Weekend
916,2022-07-04,2022,7,3,4,1,Monday,4,Weekday
917,2022-07-05,2022,7,3,5,2,Tuesday,5,Weekday
918,2022-07-06,2022,7,3,6,3,Wednesday,6,Weekday
919,2022-07-07,2022,7,3,7,4,Thursday,7,Weekday
920,2022-07-08,2022,7,3,8,5,Friday,8,Weekday
921,2022-07-09,2022,7,3,9,6,Saturday,9,Weekend
922,2022-07-10,2022,7,3,10,7,Sunday,10,Weekend
923,2022-07-11,2022,7,3,11,1,Monday,11,Weekday
924,2022-07-12,2022,7,3,12,2,Tuesday,12,Weekday
925,2022-07-13,2022,7,3,13,3,Wednesday,13,Weekday
926,2022-07-14,2022,7,3,14,4,Thursday,14,Weekday
927,2022-07-15,2022,7,3,15,5,Friday,15,Weekday
928,2022-07-16,2022,7,3,16,6,Saturday,16,Weekend
929,2022-07-17,2022,7,3,17,7,Sunday,17,Weekend
930,2022-07-18,2022,7,3,18,1,Monday,18,Weekday
931,2022-07-19,2022,7,3,19,2,Tuesday,19,Weekday
932,2022-07-20,2022,7,3,20,3,Wednesday,20,Weekday
933,2022-07-21,2022,7,3,21,4,Thursday,21,Weekday
934,2022-07-22,2022,7,3,22,5,Friday,22,Weekday
935,2022-07-23,2022,7,3,23,6,Saturday,23,Weekend
936,2022-07-24,2022,7,3,24,7,Sunday,24,Weekend
937,2022-07-25,2022,7,3,25,1,Monday,25,Weekday
938,2022-07-26,2022,7,3,26,2,Tuesday,26,Weekday
939,2022-07-27,2022,7,3,27,3,Wednesday,27,Weekday
940,2022-07-28,2022,7,3,28,4,Thursday,28,Weekday
941,2022-07-29,2022,7,3,29,5,Friday,29,Weekday
942,2022-07-30,2022,7,3,30,6,Saturday,30,Weekend
943,2022-07-31,2022,7,3,31,7,Sunday,31,Weekend
944,2022-08-01,2022,8,3,1,1,Monday,1,Weekday
945,2022-08-02,2022,8,3,2,2,Tuesday,2,Weekday
946,2022-08-03,2022,8,3,3,3,Wednesday,3,Weekday
947,2022-08-04,2022,8,3,4,4,Thursday,4,Weekday
948,2022-08-05,2022,8,3,5,5,Friday,5,Weekday
949,2022-08-06,2022,8,3,6,6,Saturday,6,Weekend
950,2022-08-07,2022,8,3,7,7,Sunday,7,Weekend
951,2022-08-08,2022,8,3,8,1,Monday,8,Weekday
952,2022-08-09,2022,8,3,9,2,Tuesday,9,Weekday
953,2022-08-10,2022,8,3,10,3,Wednesday,10,Weekday
954,2022-08-11,2022,8,3,11,4,Thursday,11,Weekday
955,2022-08-12,2022,8,3,12,5,Friday,12,Weekday
956,2022-08-13,2022,8,3,13,6,Saturday,13,Weekend
957,2022-08-14,2022,8,3,14,7,Sunday,14,Weekend
958,2022-08-15,2022,8,3,15,1,Monday,15,Weekday
959,2022-08-16,2022,8,3,16,2,Tuesday,16,Weekday
960,2022-08-17,2022,8,3,17,3,Wednesday,17,Weekday
961,2022-08-18,2022,8,3,18,4,Thursday,18,Weekday
962,2022-08-19,2022,8,3,19,5,Friday,19,Weekday
963,2022-08-20,2022,8,3,20,6,Saturday,20,Weekend
964,2022-08-21,2022,8,3,21,7,Sunday,21,Weekend
965,2022-08-22,2022,8,3,22,1,Monday,22,Weekday
966,2022-08-23,2022,8,3,23,2,Tuesday,23,Weekday
967,2022-08-24,2022,8,3,24,3,Wednesday,24,Weekday
968,2022-08-25,2022,8,3,25,4,Thursday,25,Weekday
969,2022-08-26,2022,8,3,26,5,Friday,26,Weekday
970,2022-08-27,2022,8,3,27,6,Saturday,27,Weekend
971,2022-08-28,2022,8,3,28,7,Sunday,28,Weekend
972,2022-08-29,2022,8,3,29,1,Monday,29,Weekday
973,2022-08-30,2022,8,3,30,2,Tuesday,30,Weekday
974,2022-08-31,2022,8,3,31,3,Wednesday,31,Weekday
975,2022-09-01,2022,9,3,1,4,Thursday,1,Weekday
976,2022-09-02,2022,9,3,2,5,Friday,2,Weekday
977,2022-09-03,2022,9,3,3,6,Saturday,3,Weekend
978,2022-09-04,2022,9,3,4,7,Sunday,4,Weekend
979,2022-09-05,2022,9,3,5,1,Monday,5,Weekday
980,2022-09-06,2022,9,3,6,2,Tuesday,6,Weekday
981,2022-09-07,2022,9,3,7,3,Wednesday,7,Weekday
982,2022-09-08,2022,9,3,8,4,Thursday,8,Weekday
983,2022-09-09,2022,9,3,9,5,Friday,9,Weekday
984,2022-09-10,2022,9,3,10,6,Saturday,10,Weekend
985,2022-09-11,2022,9,3,11,7,Sunday,11,Weekend
986,2022-09-12,2022,9,3,12,1,Monday,12,Weekday
987,2022-09-13,2022,9,3,13,2,Tuesday,13,Weekday
988,2022-09-14,2022,9,3,14,3,Wednesday,14,Weekday
989,2022-09-15,2022,9,3,15,4,Thursday,15,Weekday
990,2022-09-16,2022,9,3,16,5,Friday,16,Weekday
991,2022-09-17,2022,9,3,17,6,Saturday,17,Weekend
992,2022-09-18,2022,9,3,18,7,Sunday,18,Weekend
993,2022-09-19,2022,9,3,19,1,Monday,19,Weekday
994,2022-09-20,2022,9,3,20,2,Tuesday,20,Weekday
995,2022-09-21,2022,9,3,21,3,Wednesday,21,Weekday
996,2022-09-22,2022,9,3,22,4,Thursday,22,Weekday
997,2022-09-23,2022,9,3,23,5,Friday,23,Weekday
998,2022-09-24,2022,9,3,24,6,Saturday,24,Weekend
999,2022-09-25,2022,9,3,25,7,Sunday,25,Weekend
1000,2022-09-26,2022,9,3,26,1,Monday,26,Weekday
1001,2022-09-27,2022,9,3,27,2,Tuesday,27,Weekday
1002,2022-09-28,2022,9,3,28,3,Wednesday,28,Weekday
1003,2022-09-29,2022,9,3,29,4,Thursday,29,Weekday
1004,2022-09-30,2022,9,3,30,5,Friday,30,Weekday
1005,2022-10-01,2022,10,4,1,6,Saturday,1,Weekend
1006,2022-10-02,2022,10,4,2,7,Sunday,2,Weekend
1007,2022-10-03,2022,10,4,3,1,Monday,3,Weekday
1008,2022-10-04,2022,10,4,4,2,Tuesday,4,Weekday
1009,2022-10-05,2022,10,4,5,3,Wednesday,5,Weekday
1010,2022-10-06,2022,10,4,6,4,Thursday,6,Weekday
1011,2022-10-07,2022,10,4,7,5,Friday,7,Weekday
1012,2022-10-08,2022,10,4,8,6,Saturday,8,Weekend
1013,2022-10-09,2022,10,4,9,7,Sunday,9,Weekend
1014,2022-10-10,2022,10,4,10,1,Monday,10,Weekday
1015,2022-10-11,2022,10,4,11,2,Tuesday,11,Weekday
1016,2022-10-12,2022,10,4,12,3,Wednesday,12,Weekday
1017,2022-10-13,2022,10,4,13,4,Thursday,13,Weekday
1018,2022-10-14,2022,10,4,14,5,Friday,14,Weekday
1019,2022-10-15,2022,10,4,15,6,Saturday,15,Weekend
1020,2022-10-16,2022,10,4,16,7,Sunday,16,Weekend
1021,2022-10-17,2022,10,4,17,1,Monday,17,Weekday
1022,2022-10-18,2022,10,4,18,2,Tuesday,18,Weekday
1023,2022-10-19,2022,10,4,19,3,Wednesday,19,Weekday
1024,2022-10-20,2022,10,4,20,4,Thursday,20,Weekday
1025,2022-10-21,2022,10,4,21,5,Friday,21,Weekday
1026,2022-10-22,2022,10,4,22,6,Saturday,22,Weekend
1027,2022-10-23,2022,10,4,23,7,Sunday,23,Weekend
1028,2022-10-24,2022,10,4,24,1,Monday,24,Weekday
1029,2022-10-25,2022,10,4,25,2,Tuesday,25,Weekday
1030,2022-10-26,2022,10,4,26,3,Wednesday,26,Weekday
1031,2022-10-27,2022,10,4,27,4,Thursday,27,Weekday
1032,2022-10-28,2022,10,4,28,5,Friday,28,Weekday
1033,2022-10-29,2022,10,4,29,6,Saturday,29,Weekend
1034,2022-10-30,2022,10,4,30,7,Sunday,30,Weekend
1035,2022-10-31,2022,10,4,31,1,Monday,31,Weekday
1036,2022-11-01,2022,11,4,1,2,Tuesday,1,Weekday
1037,2022-11-02,2022,11,4,2,3,Wednesday,2,Weekday
1038,2022-11-03,2022,11,4,3,4,Thursday,3,Weekday
1039,2022-11-04,2022,11,4,4,5,Friday,4,Weekday
1040,2022-11-05,2022,11,4,5,6,Saturday,5,Weekend
1041,2022-11-06,2022,11,4,6,7,Sunday,6,Weekend
1042,2022-11-07,2022,11,4,7,1,Monday,7,Weekday
1043,2022-11-08,2022,11,4,8,2,Tuesday,8,Weekday
1044,2022-11-09,2022,11,4,9,3,Wednesday,9,Weekday
1045,2022-11-10,2022,11,4,10,4,Thursday,10,Weekday
1046,2022-11-11,2022,11,4,11,5,Friday,11,Weekday
1047,2022-11-12,2022,11,4,12,6,Saturday,12,Weekend
1048,2022-11-13,2022,11,4,13,7,Sunday,13,Weekend
1049,2022-11-14,2022,11,4,14,1,Monday,14,Weekday
1050,2022-11-15,2022,11,4,15,2,Tuesday,15,Weekday
1051,2022-11-16,2022,11,4,16,3,Wednesday,16,Weekday
1052,2022-11-17,2022,11,4,17,4,Thursday,17,Weekday
1053,2022-11-18,2022,11,4,18,5,Friday,18,Weekday
1054,2022-11-19,2022,11,4,19,6,Saturday,19,Weekend
1055,2022-11-20,2022,11,4,20,7,Sunday,20,Weekend
1056,2022-11-21,2022,11,4,21,1,Monday,21,Weekday
1057,2022-11-22,2022,11,4,22,2,Tuesday,22,Weekday
1058,2022-11-23,2022,11,4,23,3,Wednesday,23,Weekday
1059,2022-11-24,2022,11,4,24,4,Thursday,24,Weekday
1060,2022-11-25,2022,11,4,25,5,Friday,25,Weekday
1061,2022-11-26,2022,11,4,26,6,Saturday,26,Weekend
1062,2022-11-27,2022,11,4,27,7,Sunday,27,Weekend
1063,2022-11-28,2022,11,4,28,1,Monday,28,Weekday
1064,2022-11-29,2022,11,4,29,2,Tuesday,29,Weekday
1065,2022-11-30,2022,11,4,30,3,Wednesday,30,Weekday
1066,2022-12-01,2022,12,4,1,4,Thursday,1,Weekday
1067,2022-12-02,2022,12,4,2,5,Friday,2,Weekday
1068,2022-12-03,2022,12,4,3,6,Saturday,3,Weekend
1069,2022-12-04,2022,12,4,4,7,Sunday,4,Weekend
1070,2022-12-05,2022,12,4,5,1,Monday,5,Weekday
1071,2022-12-06,2022,12,4,6,2,Tuesday,6,Weekday
1072,2022-12-07,2022,12,4,7,3,Wednesday,7,Weekday
1073,2022-12-08,2022,12,4,8,4,Thursday,8,Weekday
1074,2022-12-09,2022,12,4,9,5,Friday,9,Weekday
1075,2022-12-10,2022,12,4,10,6,Saturday,10,Weekend
1076,2022-12-11,2022,12,4,11,7,Sunday,11,Weekend
1077,2022-12-12,2022,12,4,12,1,Monday,12,Weekday
1078,2022-12-13,2022,12,4,13,2,Tuesday,13,Weekday
1079,2022-12-14,2022,12,4,14,3,Wednesday,14,Weekday
1080,2022-12-15,2022,12,4,15,4,Thursday,15,Weekday
1081,2022-12-16,2022,12,4,16,5,Friday,16,Weekday
1082,2022-12-17,2022,12,4,17,6,Saturday,17,Weekend
1083,2022-12-18,2022,12,4,18,7,Sunday,18,Weekend
1084,2022-12-19,2022,12,4,19,1,Monday,19,Weekday
1085,2022-12-20,2022,12,4,20,2,Tuesday,20,Weekday
1086,2022-12-21,2022,12,4,21,3,Wednesday,21,Weekday
1087,2022-12-22,2022,12,4,22,4,Thursday,22,Weekday
1088,2022-12-23,2022,12,4,23,5,Friday,23,Weekday
1089,2022-12-24,2022,12,4,24,6,Saturday,24,Weekend
1090,2022-12-25,2022,12,4,25,7,Sunday,25,Weekend
1091,2022-12-26,2022,12,4,26,1,Monday,26,Weekday
1092,2022-12-27,2022,12,4,27,2,Tuesday,27,Weekday
1093,2022-12-28,2022,12,4,28,3,Wednesday,28,Weekday
1094,2022-12-29,2022,12,4,29,4,Thursday,29,Weekday
1095,2022-12-30,2022,12,4,30,5,Friday,30,Weekday
1096,2022-12-31,2022,12,4,31,6,Saturday,31,Weekend
1097,2023-01-01,2023,1,1,1,7,Sunday,1,Weekend
1098,2023-01-02,2023,1,1,2,1,Monday,2,Weekday
1099,2023-01-03,2023,1,1,3,2,Tuesday,3,Weekday
1100,2023-01-04,2023,1,1,4,3,Wednesday,4,Weekday
1101,2023-01-05,2023,1,1,5,4,Thursday,5,Weekday
1102,2023-01-06,2023,1,1,6,5,Friday,6,Weekday
1103,2023-01-07,2023,1,1,7,6,Saturday,7,Weekend
1104,2023-01-08,2023,1,1,8,7,Sunday,8,Weekend
1105,2023-01-09,2023,1,1,9,1,Monday,9,Weekday
1106,2023-01-10,2023,1,1,10,2,Tuesday,10,Weekday
1107,2023-01-11,2023,1,1,11,3,Wednesday,11,Weekday
1108,2023-01-12,2023,1,1,12,4,Thursday,12,Weekday
1109,2023-01-13,2023,1,1,13,5,Friday,13,Weekday
1110,2023-01-14,2023,1,1,14,6,Saturday,14,Weekend
1111,2023-01-15,2023,1,1,15,7,Sunday,15,Weekend
1112,2023-01-16,2023,1,1,16,1,Monday,16,Weekday
1113,2023-01-17,2023,1,1,17,2,Tuesday,17,Weekday
1114,2023-01-18,2023,1,1,18,3,Wednesday,18,Weekday
1115,2023-01-19,2023,1,1,19,4,Thursday,19,Weekday
1116,2023-01-20,2023,1,1,20,5,Friday,20,Weekday
1117,2023-01-21,2023,1,1,21,6,Saturday,21,Weekend
1118,2023-01-22,2023,1,1,22,7,Sunday,22,Weekend
1119,2023-01-23,2023,1,1,23,1,Monday,23,Weekday
1120,2023-01-24,2023,1,1,24,2,Tuesday,24,Weekday
1121,2023-01-25,2023,1,1,25,3,Wednesday,25,Weekday
1122,2023-01-26,2023,1,1,26,4,Thursday,26,Weekday
1123,2023-01-27,2023,1,1,27,5,Friday,27,Weekday
1124,2023-01-28,2023,1,1,28,6,Saturday,28,Weekend
1125,2023-01-29,2023,1,1,29,7,Sunday,29,Weekend
1126,2023-01-30,2023,1,1,30,1,Monday,30,Weekday
1127,2023-01-31,2023,1,1,31,2,Tuesday,31,Weekday
1128,2023-02-01,2023,2,1,1,3,Wednesday,1,Weekday
1129,2023-02-02,2023,2,1,2,4,Thursday,2,Weekday
1130,2023-02-03,2023,2,1,3,5,Friday,3,Weekday
1131,2023-02-04,2023,2,1,4,6,Saturday,4,Weekend
1132,2023-02-05,2023,2,1,5,7,Sunday,5,Weekend
1133,2023-02-06,2023,2,1,6,1,Monday,6,Weekday
1134,2023-02-07,2023,2,1,7,2,Tuesday,7,Weekday
1135,2023-02-08,2023,2,1,8,3,Wednesday,8,Weekday
1136,2023-02-09,2023,2,1,9,4,Thursday,9,Weekday
1137,2023-02-10,2023,2,1,10,5,Friday,10,Weekday
1138,2023-02-11,2023,2,1,11,6,Saturday,11,Weekend
1139,2023-02-12,2023,2,1,12,7,Sunday,12,Weekend
1140,2023-02-13,2023,2,1,13,1,Monday,13,Weekday
1141,2023-02-14,2023,2,1,14,2,Tuesday,14,Weekday
1142,2023-02-15,2023,2,1,15,3,Wednesday,15,Weekday
1143,2023-02-16,2023,2,1,16,4,Thursday,16,Weekday
1144,2023-02-17,2023,2,1,17,5,Friday,17,Weekday
1145,2023-02-18,2023,2,1,18,6,Saturday,18,Weekend
1146,2023-02-19,2023,2,1,19,7,Sunday,19,Weekend
1147,2023-02-20,2023,2,1,20,1,Monday,20,Weekday
1148,2023-02-21,2023,2,1,21,2,Tuesday,21,Weekday
1149,2023-02-22,2023,2,1,22,3,Wednesday,22,Weekday
1150,2023-02-23,2023,2,1,23,4,Thursday,23,Weekday
1151,2023-02-24,2023,2,1,24,5,Friday,24,Weekday
1152,2023-02-25,2023,2,1,25,6,Saturday,25,Weekend
1153,2023-02-26,2023,2,1,26,7,Sunday,26,Weekend
1154,2023-02-27,2023,2,1,27,1,Monday,27,Weekday
1155,2023-02-28,2023,2,1,28,2,Tuesday,28,Weekday
1156,2023-03-01,2023,3,1,1,3,Wednesday,1,Weekday
1157,2023-03-02,2023,3,1,2,4,Thursday,2,Weekday
1158,2023-03-03,2023,3,1,3,5,Friday,3,Weekday
1159,2023-03-04,2023,3,1,4,6,Saturday,4,Weekend
1160,2023-03-05,2023,3,1,5,7,Sunday,5,Weekend
1161,2023-03-06,2023,3,1,6,1,Monday,6,Weekday
1162,2023-03-07,2023,3,1,7,2,Tuesday,7,Weekday
1163,2023-03-08,2023,3,1,8,3,Wednesday,8,Weekday
1164,2023-03-09,2023,3,1,9,4,Thursday,9,Weekday
1165,2023-03-10,2023,3,1,10,5,Friday,10,Weekday
1166,2023-03-11,2023,3,1,11,6,Saturday,11,Weekend
1167,2023-03-12,2023,3,1,12,7,Sunday,12,Weekend
1168,2023-03-13,2023,3,1,13,1,Monday,13,Weekday
1169,2023-03-14,2023,3,1,14,2,Tuesday,14,Weekday
1170,2023-03-15,2023,3,1,15,3,Wednesday,15,Weekday
1171,2023-03-16,2023,3,1,16,4,Thursday,16,Weekday
1172,2023-03-17,2023,3,1,17,5,Friday,17,Weekday
1173,2023-03-18,2023,3,1,18,6,Saturday,18,Weekend
1174,2023-03-19,2023,3,1,19,7,Sunday,19,Weekend
1175,2023-03-20,2023,3,1,20,1,Monday,20,Weekday
1176,2023-03-21,2023,3,1,21,2,Tuesday,21,Weekday
1177,2023-03-22,2023,3,1,22,3,Wednesday,22,Weekday
1178,2023-03-23,2023,3,1,23,4,Thursday,23,Weekday
1179,2023-03-24,2023,3,1,24,5,Friday,24,Weekday
1180,2023-03-25,2023,3,1,25,6,Saturday,25,Weekend
1181,2023-03-26,2023,3,1,26,7,Sunday,26,Weekend
1182,2023-03-27,2023,3,1,27,1,Monday,27,Weekday
1183,2023-03-28,2023,3,1,28,2,Tuesday,28,Weekday
1184,2023-03-29,2023,3,1,29,3,Wednesday,29,Weekday
1185,2023-03-30,2023,3,1,30,4,Thursday,30,Weekday
1186,2023-03-31,2023,3,1,31,5,Friday,31,Weekday
1187,2023-04-01,2023,4,2,1,6,Saturday,1,Weekend
1188,2023-04-02,2023,4,2,2,7,Sunday,2,Weekend
1189,2023-04-03,2023,4,2,3,1,Monday,3,Weekday
1190,2023-04-04,2023,4,2,4,2,Tuesday,4,Weekday
1191,2023-04-05,2023,4,2,5,3,Wednesday,5,Weekday
1192,2023-04-06,2023,4,2,6,4,Thursday,6,Weekday
1193,2023-04-07,2023,4,2,7,5,Friday,7,Weekday
1194,2023-04-08,2023,4,2,8,6,Saturday,8,Weekend
1195,2023-04-09,2023,4,2,9,7,Sunday,9,Weekend
1196,2023-04-10,2023,4,2,10,1,Monday,10,Weekday
1197,2023-04-11,2023,4,2,11,2,Tuesday,11,Weekday
1198,2023-04-12,2023,4,2,12,3,Wednesday,12,Weekday
1199,2023-04-13,2023,4,2,13,4,Thursday,13,Weekday
1200,2023-04-14,2023,4,2,14,5,Friday,14,Weekday
1201,2023-04-15,2023,4,2,15,6,Saturday,15,Weekend
1202,2023-04-16,2023,4,2,16,7,Sunday,16,Weekend
1203,2023-04-17,2023,4,2,17,1,Monday,17,Weekday
1204,2023-04-18,2023,4,2,18,2,Tuesday,18,Weekday
1205,2023-04-19,2023,4,2,19,3,Wednesday,19,Weekday
1206,2023-04-20,2023,4,2,20,4,Thursday,20,Weekday
1207,2023-04-21,2023,4,2,21,5,Friday,21,Weekday
1208,2023-04-22,2023,4,2,22,6,Saturday,22,Weekend
1209,2023-04-23,2023,4,2,23,7,Sunday,23,Weekend
1210,2023-04-24,2023,4,2,24,1,Monday,24,Weekday
1211,2023-04-25,2023,4,2,25,2,Tuesday,25,Weekday
1212,2023-04-26,2023,4,2,26,3,Wednesday,26,Weekday
1213,2023-04-27,2023,4,2,27,4,Thursday,27,Weekday
1214,2023-04-28,2023,4,2,28,5,Friday,28,Weekday
1215,2023-04-29,2023,4,2,29,6,Saturday,29,Weekend
1216,2023-04-30,2023,4,2,30,7,Sunday,30,Weekend
1217,2023-05-01,2023,5,2,1,1,Monday,1,Weekday
1218,2023-05-02,2023,5,2,2,2,Tuesday,2,Weekday
1219,2023-05-03,2023,5,2,3,3,Wednesday,3,Weekday
1220,2023-05-04,2023,5,2,4,4,Thursday,4,Weekday
1221,2023-05-05,2023,5,2,5,5,Friday,5,Weekday
1222,2023-05-06,2023,5,2,6,6,Saturday,6,Weekend
1223,2023-05-07,2023,5,2,7,7,Sunday,7,Weekend
1224,2023-05-08,2023,5,2,8,1,Monday,8,Weekday
1225,2023-05-09,2023,5,2,9,2,Tuesday,9,Weekday
1226,2023-05-10,2023,5,2,10,3,Wednesday,10,Weekday
1227,2023-05-11,2023,5,2,11,4,Thursday,11,Weekday
1228,2023-05-12,2023,5,2,12,5,Friday,12,Weekday
1229,2023-05-13,2023,5,2,13,6,Saturday,13,Weekend
1230,2023-05-14,2023,5,2,14,7,Sunday,14,Weekend
1231,2023-05-15,2023,5,2,15,1,Monday,15,Weekday
1232,2023-05-16,2023,5,2,16,2,Tuesday,16,Weekday
1233,2023-05-17,2023,5,2,17,3,Wednesday,17,Weekday
1234,2023-05-18,2023,5,2,18,4,Thursday,18,Weekday
1235,2023-05-19,2023,5,2,19,5,Friday,19,Weekday
1236,2023-05-20,2023,5,2,20,6,Saturday,20,Weekend
1237,2023-05-21,2023,5,2,21,7,Sunday,21,Weekend
1238,2023-05-22,2023,5,2,22,1,Monday,22,Weekday
1239,2023-05-23,2023,5,2,23,2,Tuesday,23,Weekday
1240,2023-05-24,2023,5,2,24,3,Wednesday,24,Weekday
1241,2023-05-25,2023,5,2,25,4,Thursday,25,Weekday
1242,2023-05-26,2023,5,2,26,5,Friday,26,Weekday
1243,2023-05-27,2023,5,2,27,6,Saturday,27,Weekend
1244,2023-05-28,2023,5,2,28,7,Sunday,28,Weekend
1245,2023-05-29,2023,5,2,29,1,Monday,29,Weekday
1246,2023-05-30,2023,5,2,30,2,Tuesday,30,Weekday
1247,2023-05-31,2023,5,2,31,3,Wednesday,31,Weekday
1248,2023-06-01,2023,6,2,1,4,Thursday,1,Weekday
1249,2023-06-02,2023,6,2,2,5,Friday,2,Weekday
1250,2023-06-03,2023,6,2,3,6,Saturday,3,Weekend
1251,2023-06-04,2023,6,2,4,7,Sunday,4,Weekend
1252,2023-06-05,2023,6,2,5,1,Monday,5,Weekday
1253,2023-06-06,2023,6,2,6,2,Tuesday,6,Weekday
1254,2023-06-07,2023,6,2,7,3,Wednesday,7,Weekday
1255,2023-06-08,2023,6,2,8,4,Thursday,8,Weekday
1256,2023-06-09,2023,6,2,9,5,Friday,9,Weekday
1257,2023-06-10,2023,6,2,10,6,Saturday,10,Weekend
1258,2023-06-11,2023,6,2,11,7,Sunday,11,Weekend
1259,2023-06-12,2023,6,2,12,1,Monday,12,Weekday
1260,2023-06-13,2023,6,2,13,2,Tuesday,13,Weekday
1261,2023-06-14,2023,6,2,14,3,Wednesday,14,Weekday
1262,2023-06-15,2023,6,2,15,4,Thursday,15,Weekday
1263,2023-06-16,2023,6,2,16,5,Friday,16,Weekday
1264,2023-06-17,2023,6,2,17,6,Saturday,17,Weekend
1265,2023-06-18,2023,6,2,18,7,Sunday,18,Weekend
1266,2023-06-19,2023,6,2,19,1,Monday,19,Weekday
1267,2023-06-20,2023,6,2,20,2,Tuesday,20,Weekday
1268,2023-06-21,2023,6,2,21,3,Wednesday,21,Weekday
1269,2023-06-22,2023,6,2,22,4,Thursday,22,Weekday
1270,2023-06-23,2023,6,2,23,5,Friday,23,Weekday
1271,2023-06-24,2023,6,2,24,6,Saturday,24,Weekend
1272,2023-06-25,2023,6,2,25,7,Sunday,25,Weekend
1273,2023-06-26,2023,6,2,26,1,Monday,26,Weekday
1274,2023-06-27,2023,6,2,27,2,Tuesday,27,Weekday
1275,2023-06-28,2023,6,2,28,3,Wednesday,28,Weekday
1276,2023-06-29,2023,6,2,29,4,Thursday,29,Weekday
1277,2023-06-30,2023,6,2,30,5,Friday,30,Weekday
1278,2023-07-01,2023,7,3,1,6,Saturday,1,Weekend
1279,2023-07-02,2023,7,3,2,7,Sunday,2,Weekend
1280,2023-07-03,2023,7,3,3,1,Monday,3,Weekday
1281,2023-07-04,2023,7,3,4,2,Tuesday,4,Weekday
1282,2023-07-05,2023,7,3,5,3,Wednesday,5,Weekday
1283,2023-07-06,2023,7,3,6,4,Thursday,6,Weekday
1284,2023-07-07,2023,7,3,7,5,Friday,7,Weekday
1285,2023-07-08,2023,7,3,8,6,Saturday,8,Weekend
1286,2023-07-09,2023,7,3,9,7,Sunday,9,Weekend
1287,2023-07-10,2023,7,3,10,1,Monday,10,Weekday
1288,2023-07-11,2023,7,3,11,2,Tuesday,11,Weekday
1289,2023-07-12,2023,7,3,12,3,Wednesday,12,Weekday
1290,2023-07-13,2023,7,3,13,4,Thursday,13,Weekday
1291,2023-07-14,2023,7,3,14,5,Friday,14,Weekday
1292,2023-07-15,2023,7,3,15,6,Saturday,15,Weekend
1293,2023-07-16,2023,7,3,16,7,Sunday,16,Weekend
1294,2023-07-17,2023,7,3,17,1,Monday,17,Weekday
1295,2023-07-18,2023,7,3,18,2,Tuesday,18,Weekday
1296,2023-07-19,2023,7,3,19,3,Wednesday,19,Weekday
1297,2023-07-20,2023,7,3,20,4,Thursday,20,Weekday
1298,2023-07-21,2023,7,3,21,5,Friday,21,Weekday
1299,2023-07-22,2023,7,3,22,6,Saturday,22,Weekend
1300,2023-07-23,2023,7,3,23,7,Sunday,23,Weekend
1301,2023-07-24,2023,7,3,24,1,Monday,24,Weekday
1302,2023-07-25,2023,7,3,25,2,Tuesday,25,Weekday
1303,2023-07-26,2023,7,3,26,3,Wednesday,26,Weekday
1304,2023-07-27,2023,7,3,27,4,Thursday,27,Weekday
1305,2023-07-28,2023,7,3,28,5,Friday,28,Weekday
1306,2023-07-29,2023,7,3,29,6,Saturday,29,Weekend
1307,2023-07-30,2023,7,3,30,7,Sunday,30,Weekend
1308,2023-07-31,2023,7,3,31,1,Monday,31,Weekday
1309,2023-08-01,2023,8,3,1,2,Tuesday,1,Weekday
1310,2023-08-02,2023,8,3,2,3,Wednesday,2,Weekday
1311,2023-08-03,2023,8,3,3,4,Thursday,3,Weekday
1312,2023-08-04,2023,8,3,4,5,Friday,4,Weekday
1313,2023-08-05,2023,8,3,5,6,Saturday,5,Weekend
1314,2023-08-06,2023,8,3,6,7,Sunday,6,Weekend
1315,2023-08-07,2023,8,3,7,1,Monday,7,Weekday
1316,2023-08-08,2023,8,3,8,2,Tuesday,8,Weekday
1317,2023-08-09,2023,8,3,9,3,Wednesday,9,Weekday
1318,2023-08-10,2023,8,3,10,4,Thursday,10,Weekday
1319,2023-08-11,2023,8,3,11,5,Friday,11,Weekday
1320,2023-08-12,2023,8,3,12,6,Saturday,12,Weekend
1321,2023-08-13,2023,8,3,13,7,Sunday,13,Weekend
1322,2023-08-14,2023,8,3,14,1,Monday,14,Weekday
1323,2023-08-15,2023,8,3,15,2,Tuesday,15,Weekday
1324,2023-08-16,2023,8,3,16,3,Wednesday,16,Weekday
1325,2023-08-17,2023,8,3,17,4,Thursday,17,Weekday
1326,2023-08-18,2023,8,3,18,5,Friday,18,Weekday
1327,2023-08-19,2023,8,3,19,6,Saturday,19,Weekend
1328,2023-08-20,2023,8,3,20,7,Sunday,20,Weekend
1329,2023-08-21,2023,8,3,21,1,Monday,21,Weekday
1330,2023-08-22,2023,8,3,22,2,Tuesday,22,Weekday
1331,2023-08-23,2023,8,3,23,3,Wednesday,23,Weekday
1332,2023-08-24,2023,8,3,24,4,Thursday,24,Weekday
1333,2023-08-25,2023,8,3,25,5,Friday,25,Weekday
1334,2023-08-26,2023,8,3,26,6,Saturday,26,Weekend
1335,2023-08-27,2023,8,3,27,7,Sunday,27,Weekend
1336,2023-08-28,2023,8,3,28,1,Monday,28,Weekday
1337,2023-08-29,2023,8,3,29,2,Tuesday,29,Weekday
1338,2023-08-30,2023,8,3,30,3,Wednesday,30,Weekday
1339,2023-08-31,2023,8,3,31,4,Thursday,31,Weekday
1340,2023-09-01,2023,9,3,1,5,Friday,1,Weekday
1341,2023-09-02,2023,9,3,2,6,Saturday,2,Weekend
1342,2023-09-03,2023,9,3,3,7,Sunday,3,Weekend
1343,2023-09-04,2023,9,3,4,1,Monday,4,Weekday
1344,2023-09-05,2023,9,3,5,2,Tuesday,5,Weekday
1345,2023-09-06,2023,9,3,6,3,Wednesday,6,Weekday
1346,2023-09-07,2023,9,3,7,4,Thursday,7,Weekday
1347,2023-09-08,2023,9,3,8,5,Friday,8,Weekday
1348,2023-09-09,2023,9,3,9,6,Saturday,9,Weekend
1349,2023-09-10,2023,9,3,10,7,Sunday,10,Weekend
1350,2023-09-11,2023,9,3,11,1,Monday,11,Weekday
1351,2023-09-12,2023,9,3,12,2,Tuesday,12,Weekday
1352,2023-09-13,2023,9,3,13,3,Wednesday,13,Weekday
1353,2023-09-14,2023,9,3,14,4,Thursday,14,Weekday
1354,2023-09-15,2023,9,3,15,5,Friday,15,Weekday
1355,2023-09-16,2023,9,3,16,6,Saturday,16,Weekend
1356,2023-09-17,2023,9,3,17,7,Sunday,17,Weekend
1357,2023-09-18,2023,9,3,18,1,Monday,18,Weekday
1358,2023-09-19,2023,9,3,19,2,Tuesday,19,Weekday
1359,2023-09-20,2023,9,3,20,3,Wednesday,20,Weekday
1360,2023-09-21,2023,9,3,21,4,Thursday,21,Weekday
1361,2023-09-22,2023,9,3,22,5,Friday,22,Weekday
1362,2023-09-23,2023,9,3,23,6,Saturday,23,Weekend
1363,2023-09-24,2023,9,3,24,7,Sunday,24,Weekend
1364,2023-09-25,2023,9,3,25,1,Monday,25,Weekday
1365,2023-09-26,2023,9,3,26,2,Tuesday,26,Weekday
1366,2023-09-27,2023,9,3,27,3,Wednesday,27,Weekday
1367,2023-09-28,2023,9,3,28,4,Thursday,28,Weekday
1368,2023-09-29,2023,9,3,29,5,Friday,29,Weekday
1369,2023-09-30,2023,9,3,30,6,Saturday,30,Weekend
1370,2023-10-01,2023,10,4,1,7,Sunday,1,Weekend
1371,2023-10-02,2023,10,4,2,1,Monday,2,Weekday
1372,2023-10-03,2023,10,4,3,2,Tuesday,3,Weekday
1373,2023-10-04,2023,10,4,4,3,Wednesday,4,Weekday
1374,2023-10-05,2023,10,4,5,4,Thursday,5,Weekday
1375,2023-10-06,2023,10,4,6,5,Friday,6,Weekday
1376,2023-10-07,2023,10,4,7,6,Saturday,7,Weekend
1377,2023-10-08,2023,10,4,8,7,Sunday,8,Weekend
1378,2023-10-09,2023,10,4,9,1,Monday,9,Weekday
1379,2023-10-10,2023,10,4,10,2,Tuesday,10,Weekday
1380,2023-10-11,2023,10,4,11,3,Wednesday,11,Weekday
1381,2023-10-12,2023,10,4,12,4,Thursday,12,Weekday
1382,2023-10-13,2023,10,4,13,5,Friday,13,Weekday
1383,2023-10-14,2023,10,4,14,6,Saturday,14,Weekend
1384,2023-10-15,2023,10,4,15,7,Sunday,15,Weekend
1385,2023-10-16,2023,10,4,16,1,Monday,16,Weekday
1386,2023-10-17,2023,10,4,17,2,Tuesday,17,Weekday
1387,2023-10-18,2023,10,4,18,3,Wednesday,18,Weekday
1388,2023-10-19,2023,10,4,19,4,Thursday,19,Weekday
1389,2023-10-20,2023,10,4,20,5,Friday,20,Weekday
1390,2023-10-21,2023,10,4,21,6,Saturday,21,Weekend
1391,2023-10-22,2023,10,4,22,7,Sunday,22,Weekend
1392,2023-10-23,2023,10,4,23,1,Monday,23,Weekday
1393,2023-10-24,2023,10,4,24,2,Tuesday,24,Weekday
1394,2023-10-25,2023,10,4,25,3,Wednesday,25,Weekday
1395,2023-10-26,2023,10,4,26,4,Thursday,26,Weekday
1396,2023-10-27,2023,10,4,27,5,Friday,27,Weekday
1397,2023-10-28,2023,10,4,28,6,Saturday,28,Weekend
1398,2023-10-29,2023,10,4,29,7,Sunday,29,Weekend
1399,2023-10-30,2023,10,4,30,1,Monday,30,Weekday
1400,2023-10-31,2023,10,4,31,2,Tuesday,31,Weekday
1401,2023-11-01,2023,11,4,1,3,Wednesday,1,Weekday
1402,2023-11-02,2023,11,4,2,4,Thursday,2,Weekday
1403,2023-11-03,2023,11,4,3,5,Friday,3,Weekday
1404,2023-11-04,2023,11,4,4,6,Saturday,4,Weekend
1405,2023-11-05,2023,11,4,5,7,Sunday,5,Weekend
1406,2023-11-06,2023,11,4,6,1,Monday,6,Weekday
1407,2023-11-07,2023,11,4,7,2,Tuesday,7,Weekday
1408,2023-11-08,2023,11,4,8,3,Wednesday,8,Weekday
1409,2023-11-09,2023,11,4,9,4,Thursday,9,Weekday
1410,2023-11-10,2023,11,4,10,5,Friday,10,Weekday
1411,2023-11-11,2023,11,4,11,6,Saturday,11,Weekend
1412,2023-11-12,2023,11,4,12,7,Sunday,12,Weekend
1413,2023-11-13,2023,11,4,13,1,Monday,13,Weekday
1414,2023-11-14,2023,11,4,14,2,Tuesday,14,Weekday
1415,2023-11-15,2023,11,4,15,3,Wednesday,15,Weekday
1416,2023-11-16,2023,11,4,16,4,Thursday,16,Weekday
1417,2023-11-17,2023,11,4,17,5,Friday,17,Weekday
1418,2023-11-18,2023,11,4,18,6,Saturday,18,Weekend
1419,2023-11-19,2023,11,4,19,7,Sunday,19,Weekend
1420,2023-11-20,2023,11,4,20,1,Monday,20,Weekday
1421,2023-11-21,2023,11,4,21,2,Tuesday,21,Weekday
1422,2023-11-22,2023,11,4,22,3,Wednesday,22,Weekday
1423,2023-11-23,2023,11,4,23,4,Thursday,23,Weekday
1424,2023-11-24,2023,11,4,24,5,Friday,24,Weekday
1425,2023-11-25,2023,11,4,25,6,Saturday,25,Weekend
1426,2023-11-26,2023,11,4,26,7,Sunday,26,Weekend
1427,2023-11-27,2023,11,4,27,1,Monday,27,Weekday
1428,2023-11-28,2023,11,4,28,2,Tuesday,28,Weekday
1429,2023-11-29,2023,11,4,29,3,Wednesday,29,Weekday
1430,2023-11-30,2023,11,4,30,4,Thursday,30,Weekday
1431,2023-12-01,2023,12,4,1,5,Friday,1,Weekday
1432,2023-12-02,2023,12,4,2,6,Saturday,2,Weekend
1433,2023-12-03,2023,12,4,3,7,Sunday,3,Weekend
1434,2023-12-04,2023,12,4,4,1,Monday,4,Weekday
1435,2023-12-05,2023,12,4,5,2,Tuesday,5,Weekday
1436,2023-12-06,2023,12,4,6,3,Wednesday,6,Weekday
1437,2023-12-07,2023,12,4,7,4,Thursday,7,Weekday
1438,2023-12-08,2023,12,4,8,5,Friday,8,Weekday
1439,2023-12-09,2023,12,4,9,6,Saturday,9,Weekend
1440,2023-12-10,2023,12,4,10,7,Sunday,10,Weekend
1441,2023-12-11,2023,12,4,11,1,Monday,11,Weekday
1442,2023-12-12,2023,12,4,12,2,Tuesday,12,Weekday
1443,2023-12-13,2023,12,4,13,3,Wednesday,13,Weekday
1444,2023-12-14,2023,12,4,14,4,Thursday,14,Weekday
1445,2023-12-15,2023,12,4,15,5,Friday,15,Weekday
1446,2023-12-16,2023,12,4,16,6,Saturday,16,Weekend
1447,2023-12-17,2023,12,4,17,7,Sunday,17,Weekend
1448,2023-12-18,2023,12,4,18,1,Monday,18,Weekday
1449,2023-12-19,2023,12,4,19,2,Tuesday,19,Weekday
1450,2023-12-20,2023,12,4,20,3,Wednesday,20,Weekday
1451,2023-12-21,2023,12,4,21,4,Thursday,21,Weekday
1452,2023-12-22,2023,12,4,22,5,Friday,22,Weekday
1453,2023-12-23,2023,12,4,23,6,Saturday,23,Weekend
1454,2023-12-24,2023,12,4,24,7,Sunday,24,Weekend
1455,2023-12-25,2023,12,4,25,1,Monday,25,Weekday
1456,2023-12-26,2023,12,4,26,2,Tuesday,26,Weekday
1457,2023-12-27,2023,12,4,27,3,Wednesday,27,Weekday
1458,2023-12-28,2023,12,4,28,4,Thursday,28,Weekday
1459,2023-12-29,2023,12,4,29,5,Friday,29,Weekday
1460,2023-12-30,2023,12,4,30,6,Saturday,30,Weekend
1461,2023-12-31,2023,12,4,31,7,Sunday,31,Weekend
1462,2024-01-01,2024,1,1,1,1,Monday,1,Weekday
1463,2024-01-02,2024,1,1,2,2,Tuesday,2,Weekday
1464,2024-01-03,2024,1,1,3,3,Wednesday,3,Weekday
1465,2024-01-04,2024,1,1,4,4,Thursday,4,Weekday
1466,2024-01-05,2024,1,1,5,5,Friday,5,Weekday
1467,2024-01-06,2024,1,1,6,6,Saturday,6,Weekend
1468,2024-01-07,2024,1,1,7,7,Sunday,7,Weekend
1469,2024-01-08,2024,1,1,8,1,Monday,8,Weekday
1470,2024-01-09,2024,1,1,9,2,Tuesday,9,Weekday
1471,2024-01-10,2024,1,1,10,3,Wednesday,10,Weekday
1472,2024-01-11,2024,1,1,11,4,Thursday,11,Weekday
1473,2024-01-12,2024,1,1,12,5,Friday,12,Weekday
1474,2024-01-13,2024,1,1,13,6,Saturday,13,Weekend
1475,2024-01-14,2024,1,1,14,7,Sunday,14,Weekend
1476,2024-01-15,2024,1,1,15,1,Monday,15,Weekday
1477,2024-01-16,2024,1,1,16,2,Tuesday,16,Weekday
1478,2024-01-17,2024,1,1,17,3,Wednesday,17,Weekday
1479,2024-01-18,2024,1,1,18,4,Thursday,18,Weekday
1480,2024-01-19,2024,1,1,19,5,Friday,19,Weekday
1481,2024-01-20,2024,1,1,20,6,Saturday,20,Weekend
1482,2024-01-21,2024,1,1,21,7,Sunday,21,Weekend
1483,2024-01-22,2024,1,1,22,1,Monday,22,Weekday
1484,2024-01-23,2024,1,1,23,2,Tuesday,23,Weekday
1485,2024-01-24,2024,1,1,24,3,Wednesday,24,Weekday
1486,2024-01-25,2024,1,1,25,4,Thursday,25,Weekday
1487,2024-01-26,2024,1,1,26,5,Friday,26,Weekday
1488,2024-01-27,2024,1,1,27,6,Saturday,27,Weekend
1489,2024-01-28,2024,1,1,28,7,Sunday,28,Weekend
1490,2024-01-29,2024,1,1,29,1,Monday,29,Weekday
1491,2024-01-30,2024,1,1,30,2,Tuesday,30,Weekday
1492,2024-01-31,2024,1,1,31,3,Wednesday,31,Weekday
1493,2024-02-01,2024,2,1,1,4,Thursday,1,Weekday
1494,2024-02-02,2024,2,1,2,5,Friday,2,Weekday
1495,2024-02-03,2024,2,1,3,6,Saturday,3,Weekend
1496,2024-02-04,2024,2,1,4,7,Sunday,4,Weekend
1497,2024-02-05,2024,2,1,5,1,Monday,5,Weekday
1498,2024-02-06,2024,2,1,6,2,Tuesday,6,Weekday
1499,2024-02-07,2024,2,1,7,3,Wednesday,7,Weekday
1500,2024-02-08,2024,2,1,8,4,Thursday,8,Weekday
1501,2024-02-09,2024,2,1,9,5,Friday,9,Weekday
1502,2024-02-10,2024,2,1,10,6,Saturday,10,Weekend
1503,2024-02-11,2024,2,1,11,7,Sunday,11,Weekend
1504,2024-02-12,2024,2,1,12,1,Monday,12,Weekday
1505,2024-02-13,2024,2,1,13,2,Tuesday,13,Weekday
1506,2024-02-14,2024,2,1,14,3,Wednesday,14,Weekday
1507,2024-02-15,2024,2,1,15,4,Thursday,15,Weekday
1508,2024-02-16,2024,2,1,16,5,Friday,16,Weekday
1509,2024-02-17,2024,2,1,17,6,Saturday,17,Weekend
1510,2024-02-18,2024,2,1,18,7,Sunday,18,Weekend
1511,2024-02-19,2024,2,1,19,1,Monday,19,Weekday
1512,2024-02-20,2024,2,1,20,2,Tuesday,20,Weekday
1513,2024-02-21,2024,2,1,21,3,Wednesday,21,Weekday
1514,2024-02-22,2024,2,1,22,4,Thursday,22,Weekday
1515,2024-02-23,2024,2,1,23,5,Friday,23,Weekday
1516,2024-02-24,2024,2,1,24,6,Saturday,24,Weekend
1517,2024-02-25,2024,2,1,25,7,Sunday,25,Weekend
1518,2024-02-26,2024,2,1,26,1,Monday,26,Weekday
1519,2024-02-27,2024,2,1,27,2,Tuesday,27,Weekday
1520,2024-02-28,2024,2,1,28,3,Wednesday,28,Weekday
1521,2024-02-29,2024,2,1,29,4,Thursday,29,Weekday
1522,2024-03-01,2024,3,1,1,5,Friday,1,Weekday
1523,2024-03-02,2024,3,1,2,6,Saturday,2,Weekend
1524,2024-03-03,2024,3,1,3,7,Sunday,3,Weekend
1525,2024-03-04,2024,3,1,4,1,Monday,4,Weekday
1526,2024-03-05,2024,3,1,5,2,Tuesday,5,Weekday
1527,2024-03-06,2024,3,1,6,3,Wednesday,6,Weekday
1528,2024-03-07,2024,3,1,7,4,Thursday,7,Weekday
1529,2024-03-08,2024,3,1,8,5,Friday,8,Weekday
1530,2024-03-09,2024,3,1,9,6,Saturday,9,Weekend
1531,2024-03-10,2024,3,1,10,7,Sunday,10,Weekend
1532,2024-03-11,2024,3,1,11,1,Monday,11,Weekday
1533,2024-03-12,2024,3,1,12,2,Tuesday,12,Weekday
1534,2024-03-13,2024,3,1,13,3,Wednesday,13,Weekday
1535,2024-03-14,2024,3,1,14,4,Thursday,14,Weekday
1536,2024-03-15,2024,3,1,15,5,Friday,15,Weekday
1537,2024-03-16,2024,3,1,16,6,Saturday,16,Weekend
1538,2024-03-17,2024,3,1,17,7,Sunday,17,Weekend
1539,2024-03-18,2024,3,1,18,1,Monday,18,Weekday
1540,2024-03-19,2024,3,1,19,2,Tuesday,19,Weekday
1541,2024-03-20,2024,3,1,20,3,Wednesday,20,Weekday
1542,2024-03-21,2024,3,1,21,4,Thursday,21,Weekday
1543,2024-03-22,2024,3,1,22,5,Friday,22,Weekday
1544,2024-03-23,2024,3,1,23,6,Saturday,23,Weekend
1545,2024-03-24,2024,3,1,24,7,Sunday,24,Weekend
1546,2024-03-25,2024,3,1,25,1,Monday,25,Weekday
1547,2024-03-26,2024,3,1,26,2,Tuesday,26,Weekday
1548,2024-03-27,2024,3,1,27,3,Wednesday,27,Weekday
1549,2024-03-28,2024,3,1,28,4,Thursday,28,Weekday
1550,2024-03-29,2024,3,1,29,5,Friday,29,Weekday
1551,2024-03-30,2024,3,1,30,6,Saturday,30,Weekend
1552,2024-03-31,2024,3,1,31,7,Sunday,31,Weekend
1553,2024-04-01,2024,4,2,1,1,Monday,1,Weekday
1554,2024-04-02,2024,4,2,2,2,Tuesday,2,Weekday
1555,2024-04-03,2024,4,2,3,3,Wednesday,3,Weekday
1556,2024-04-04,2024,4,2,4,4,Thursday,4,Weekday
1557,2024-04-05,2024,4,2,5,5,Friday,5,Weekday
1558,2024-04-06,2024,4,2,6,6,Saturday,6,Weekend
1559,2024-04-07,2024,4,2,7,7,Sunday,7,Weekend
1560,2024-04-08,2024,4,2,8,1,Monday,8,Weekday
1561,2024-04-09,2024,4,2,9,2,Tuesday,9,Weekday
1562,2024-04-10,2024,4,2,10,3,Wednesday,10,Weekday
1563,2024-04-11,2024,4,2,11,4,Thursday,11,Weekday
1564,2024-04-12,2024,4,2,12,5,Friday,12,Weekday
1565,2024-04-13,2024,4,2,13,6,Saturday,13,Weekend
1566,2024-04-14,2024,4,2,14,7,Sunday,14,Weekend
1567,2024-04-15,2024,4,2,15,1,Monday,15,Weekday
1568,2024-04-16,2024,4,2,16,2,Tuesday,16,Weekday
1569,2024-04-17,2024,4,2,17,3,Wednesday,17,Weekday
1570,2024-04-18,2024,4,2,18,4,Thursday,18,Weekday
1571,2024-04-19,2024,4,2,19,5,Friday,19,Weekday
1572,2024-04-20,2024,4,2,20,6,Saturday,20,Weekend
1573,2024-04-21,2024,4,2,21,7,Sunday,21,Weekend
1574,2024-04-22,2024,4,2,22,1,Monday,22,Weekday
1575,2024-04-23,2024,4,2,23,2,Tuesday,23,Weekday
1576,2024-04-24,2024,4,2,24,3,Wednesday,24,Weekday
1577,2024-04-25,2024,4,2,25,4,Thursday,25,Weekday
1578,2024-04-26,2024,4,2,26,5,Friday,26,Weekday
1579,2024-04-27,2024,4,2,27,6,Saturday,27,Weekend
1580,2024-04-28,2024,4,2,28,7,Sunday,28,Weekend
1581,2024-04-29,2024,4,2,29,1,Monday,29,Weekday
1582,2024-04-30,2024,4,2,30,2,Tuesday,30,Weekday
1583,2024-05-01,2024,5,2,1,3,Wednesday,1,Weekday
1584,2024-05-02,2024,5,2,2,4,Thursday,2,Weekday
1585,2024-05-03,2024,5,2,3,5,Friday,3,Weekday
1586,2024-05-04,2024,5,2,4,6,Saturday,4,Weekend
1587,2024-05-05,2024,5,2,5,7,Sunday,5,Weekend
1588,2024-05-06,2024,5,2,6,1,Monday,6,Weekday
1589,2024-05-07,2024,5,2,7,2,Tuesday,7,Weekday
1590,2024-05-08,2024,5,2,8,3,Wednesday,8,Weekday
1591,2024-05-09,2024,5,2,9,4,Thursday,9,Weekday
1592,2024-05-10,2024,5,2,10,5,Friday,10,Weekday
1593,2024-05-11,2024,5,2,11,6,Saturday,11,Weekend
1594,2024-05-12,2024,5,2,12,7,Sunday,12,Weekend
1595,2024-05-13,2024,5,2,13,1,Monday,13,Weekday
1596,2024-05-14,2024,5,2,14,2,Tuesday,14,Weekday
1597,2024-05-15,2024,5,2,15,3,Wednesday,15,Weekday
1598,2024-05-16,2024,5,2,16,4,Thursday,16,Weekday
1599,2024-05-17,2024,5,2,17,5,Friday,17,Weekday
1600,2024-05-18,2024,5,2,18,6,Saturday,18,Weekend
1601,2024-05-19,2024,5,2,19,7,Sunday,19,Weekend
1602,2024-05-20,2024,5,2,20,1,Monday,20,Weekday
1603,2024-05-21,2024,5,2,21,2,Tuesday,21,Weekday
1604,2024-05-22,2024,5,2,22,3,Wednesday,22,Weekday
1605,2024-05-23,2024,5,2,23,4,Thursday,23,Weekday
1606,2024-05-24,2024,5,2,24,5,Friday,24,Weekday
1607,2024-05-25,2024,5,2,25,6,Saturday,25,Weekend
1608,2024-05-26,2024,5,2,26,7,Sunday,26,Weekend
1609,2024-05-27,2024,5,2,27,1,Monday,27,Weekday
1610,2024-05-28,2024,5,2,28,2,Tuesday,28,Weekday
1611,2024-05-29,2024,5,2,29,3,Wednesday,29,Weekday
1612,2024-05-30,2024,5,2,30,4,Thursday,30,Weekday
1613,2024-05-31,2024,5,2,31,5,Friday,31,Weekday
1614,2024-06-01,2024,6,2,1,6,Saturday,1,Weekend
1615,2024-06-02,2024,6,2,2,7,Sunday,2,Weekend
1616,2024-06-03,2024,6,2,3,1,Monday,3,Weekday
1617,2024-06-04,2024,6,2,4,2,Tuesday,4,Weekday
1618,2024-06-05,2024,6,2,5,3,Wednesday,5,Weekday
1619,2024-06-06,2024,6,2,6,4,Thursday,6,Weekday
1620,2024-06-07,2024,6,2,7,5,Friday,7,Weekday
1621,2024-06-08,2024,6,2,8,6,Saturday,8,Weekend
1622,2024-06-09,2024,6,2,9,7,Sunday,9,Weekend
1623,2024-06-10,2024,6,2,10,1,Monday,10,Weekday
1624,2024-06-11,2024,6,2,11,2,Tuesday,11,Weekday
1625,2024-06-12,2024,6,2,12,3,Wednesday,12,Weekday
1626,2024-06-13,2024,6,2,13,4,Thursday,13,Weekday
1627,2024-06-14,2024,6,2,14,5,Friday,14,Weekday
1628,2024-06-15,2024,6,2,15,6,Saturday,15,Weekend
1629,2024-06-16,2024,6,2,16,7,Sunday,16,Weekend
1630,2024-06-17,2024,6,2,17,1,Monday,17,Weekday
1631,2024-06-18,2024,6,2,18,2,Tuesday,18,Weekday
1632,2024-06-19,2024,6,2,19,3,Wednesday,19,Weekday
1633,2024-06-20,2024,6,2,20,4,Thursday,20,Weekday
1634,2024-06-21,2024,6,2,21,5,Friday,21,Weekday
1635,2024-06-22,2024,6,2,22,6,Saturday,22,Weekend
1636,2024-06-23,2024,6,2,23,7,Sunday,23,Weekend
1637,2024-06-24,2024,6,2,24,1,Monday,24,Weekday
1638,2024-06-25,2024,6,2,25,2,Tuesday,25,Weekday
1639,2024-06-26,2024,6,2,26,3,Wednesday,26,Weekday
1640,2024-06-27,2024,6,2,27,4,Thursday,27,Weekday
1641,2024-06-28,2024,6,2,28,5,Friday,28,Weekday
1642,2024-06-29,2024,6,2,29,6,Saturday,29,Weekend
1643,2024-06-30,2024,6,2,30,7,Sunday,30,Weekend
1644,2024-07-01,2024,7,3,1,1,Monday,1,Weekday
1645,2024-07-02,2024,7,3,2,2,Tuesday,2,Weekday
1646,2024-07-03,2024,7,3,3,3,Wednesday,3,Weekday
1647,2024-07-04,2024,7,3,4,4,Thursday,4,Weekday
1648,2024-07-05,2024,7,3,5,5,Friday,5,Weekday
1649,2024-07-06,2024,7,3,6,6,Saturday,6,Weekend
1650,2024-07-07,2024,7,3,7,7,Sunday,7,Weekend
1651,2024-07-08,2024,7,3,8,1,Monday,8,Weekday
1652,2024-07-09,2024,7,3,9,2,Tuesday,9,Weekday
1653,2024-07-10,2024,7,3,10,3,Wednesday,10,Weekday
1654,2024-07-11,2024,7,3,11,4,Thursday,11,Weekday
1655,2024-07-12,2024,7,3,12,5,Friday,12,Weekday
1656,2024-07-13,2024,7,3,13,6,Saturday,13,Weekend
1657,2024-07-14,2024,7,3,14,7,Sunday,14,Weekend
1658,2024-07-15,2024,7,3,15,1,Monday,15,Weekday
1659,2024-07-16,2024,7,3,16,2,Tuesday,16,Weekday
1660,2024-07-17,2024,7,3,17,3,Wednesday,17,Weekday
1661,2024-07-18,2024,7,3,18,4,Thursday,18,Weekday
1662,2024-07-19,2024,7,3,19,5,Friday,19,Weekday
1663,2024-07-20,2024,7,3,20,6,Saturday,20,Weekend
1664,2024-07-21,2024,7,3,21,7,Sunday,21,Weekend
1665,2024-07-22,2024,7,3,22,1,Monday,22,Weekday
1666,2024-07-23,2024,7,3,23,2,Tuesday,23,Weekday
1667,2024-07-24,2024,7,3,24,3,Wednesday,24,Weekday
1668,2024-07-25,2024,7,3,25,4,Thursday,25,Weekday
1669,2024-07-26,2024,7,3,26,5,Friday,26,Weekday
1670,2024-07-27,2024,7,3,27,6,Saturday,27,Weekend
1671,2024-07-28,2024,7,3,28,7,Sunday,28,Weekend
1672,2024-07-29,2024,7,3,29,1,Monday,29,Weekday
1673,2024-07-30,2024,7,3,30,2,Tuesday,30,Weekday
1674,2024-07-31,2024,7,3,31,3,Wednesday,31,Weekday
1675,2024-08-01,2024,8,3,1,4,Thursday,1,Weekday
1676,2024-08-02,2024,8,3,2,5,Friday,2,Weekday
1677,2024-08-03,2024,8,3,3,6,Saturday,3,Weekend
1678,2024-08-04,2024,8,3,4,7,Sunday,4,Weekend
1679,2024-08-05,2024,8,3,5,1,Monday,5,Weekday
1680,2024-08-06,2024,8,3,6,2,Tuesday,6,Weekday
1681,2024-08-07,2024,8,3,7,3,Wednesday,7,Weekday
1682,2024-08-08,2024,8,3,8,4,Thursday,8,Weekday
1683,2024-08-09,2024,8,3,9,5,Friday,9,Weekday
1684,2024-08-10,2024,8,3,10,6,Saturday,10,Weekend
1685,2024-08-11,2024,8,3,11,7,Sunday,11,Weekend
1686,2024-08-12,2024,8,3,12,1,Monday,12,Weekday
1687,2024-08-13,2024,8,3,13,2,Tuesday,13,Weekday
1688,2024-08-14,2024,8,3,14,3,Wednesday,14,Weekday
1689,2024-08-15,2024,8,3,15,4,Thursday,15,Weekday
1690,2024-08-16,2024,8,3,16,5,Friday,16,Weekday
1691,2024-08-17,2024,8,3,17,6,Saturday,17,Weekend
1692,2024-08-18,2024,8,3,18,7,Sunday,18,Weekend
1693,2024-08-19,2024,8,3,19,1,Monday,19,Weekday
1694,2024-08-20,2024,8,3,20,2,Tuesday,20,Weekday
1695,2024-08-21,2024,8,3,21,3,Wednesday,21,Weekday
1696,2024-08-22,2024,8,3,22,4,Thursday,22,Weekday
1697,2024-08-23,2024,8,3,23,5,Friday,23,Weekday
1698,2024-08-24,2024,8,3,24,6,Saturday,24,Weekend
1699,2024-08-25,2024,8,3,25,7,Sunday,25,Weekend
1700,2024-08-26,2024,8,3,26,1,Monday,26,Weekday
1701,2024-08-27,2024,8,3,27,2,Tuesday,27,Weekday
1702,2024-08-28,2024,8,3,28,3,Wednesday,28,Weekday
1703,2024-08-29,2024,8,3,29,4,Thursday,29,Weekday
1704,2024-08-30,2024,8,3,30,5,Friday,30,Weekday
1705,2024-08-31,2024,8,3,31,6,Saturday,31,Weekend
1706,2024-09-01,2024,9,3,1,7,Sunday,1,Weekend
1707,2024-09-02,2024,9,3,2,1,Monday,2,Weekday
1708,2024-09-03,2024,9,3,3,2,Tuesday,3,Weekday
1709,2024-09-04,2024,9,3,4,3,Wednesday,4,Weekday
1710,2024-09-05,2024,9,3,5,4,Thursday,5,Weekday
1711,2024-09-06,2024,9,3,6,5,Friday,6,Weekday
1712,2024-09-07,2024,9,3,7,6,Saturday,7,Weekend
1713,2024-09-08,2024,9,3,8,7,Sunday,8,Weekend
1714,2024-09-09,2024,9,3,9,1,Monday,9,Weekday
1715,2024-09-10,2024,9,3,10,2,Tuesday,10,Weekday
1716,2024-09-11,2024,9,3,11,3,Wednesday,11,Weekday
1717,2024-09-12,2024,9,3,12,4,Thursday,12,Weekday
1718,2024-09-13,2024,9,3,13,5,Friday,13,Weekday
1719,2024-09-14,2024,9,3,14,6,Saturday,14,Weekend
1720,2024-09-15,2024,9,3,15,7,Sunday,15,Weekend
1721,2024-09-16,2024,9,3,16,1,Monday,16,Weekday
1722,2024-09-17,2024,9,3,17,2,Tuesday,17,Weekday
1723,2024-09-18,2024,9,3,18,3,Wednesday,18,Weekday
1724,2024-09-19,2024,9,3,19,4,Thursday,19,Weekday
1725,2024-09-20,2024,9,3,20,5,Friday,20,Weekday
1726,2024-09-21,2024,9,3,21,6,Saturday,21,Weekend
1727,2024-09-22,2024,9,3,22,7,Sunday,22,Weekend
1728,2024-09-23,2024,9,3,23,1,Monday,23,Weekday
1729,2024-09-24,2024,9,3,24,2,Tuesday,24,Weekday
1730,2024-09-25,2024,9,3,25,3,Wednesday,25,Weekday
1731,2024-09-26,2024,9,3,26,4,Thursday,26,Weekday
1732,2024-09-27,2024,9,3,27,5,Friday,27,Weekday
1733,2024-09-28,2024,9,3,28,6,Saturday,28,Weekend
1734,2024-09-29,2024,9,3,29,7,Sunday,29,Weekend
1735,2024-09-30,2024,9,3,30,1,Monday,30,Weekday
1736,2024-10-01,2024,10,4,1,2,Tuesday,1,Weekday
1737,2024-10-02,2024,10,4,2,3,Wednesday,2,Weekday
1738,2024-10-03,2024,10,4,3,4,Thursday,3,Weekday
1739,2024-10-04,2024,10,4,4,5,Friday,4,Weekday
1740,2024-10-05,2024,10,4,5,6,Saturday,5,Weekend
1741,2024-10-06,2024,10,4,6,7,Sunday,6,Weekend
1742,2024-10-07,2024,10,4,7,1,Monday,7,Weekday
1743,2024-10-08,2024,10,4,8,2,Tuesday,8,Weekday
1744,2024-10-09,2024,10,4,9,3,Wednesday,9,Weekday
1745,2024-10-10,2024,10,4,10,4,Thursday,10,Weekday
1746,2024-10-11,2024,10,4,11,5,Friday,11,Weekday
1747,2024-10-12,2024,10,4,12,6,Saturday,12,Weekend
1748,2024-10-13,2024,10,4,13,7,Sunday,13,Weekend
1749,2024-10-14,2024,10,4,14,1,Monday,14,Weekday
1750,2024-10-15,2024,10,4,15,2,Tuesday,15,Weekday
1751,2024-10-16,2024,10,4,16,3,Wednesday,16,Weekday
1752,2024-10-17,2024,10,4,17,4,Thursday,17,Weekday
1753,2024-10-18,2024,10,4,18,5,Friday,18,Weekday
1754,2024-10-19,2024,10,4,19,6,Saturday,19,Weekend
1755,2024-10-20,2024,10,4,20,7,Sunday,20,Weekend
1756,2024-10-21,2024,10,4,21,1,Monday,21,Weekday
1757,2024-10-22,2024,10,4,22,2,Tuesday,22,Weekday
1758,2024-10-23,2024,10,4,23,3,Wednesday,23,Weekday
1759,2024-10-24,2024,10,4,24,4,Thursday,24,Weekday
1760,2024-10-25,2024,10,4,25,5,Friday,25,Weekday
1761,2024-10-26,2024,10,4,26,6,Saturday,26,Weekend
1762,2024-10-27,2024,10,4,27,7,Sunday,27,Weekend
1763,2024-10-28,2024,10,4,28,1,Monday,28,Weekday
1764,2024-10-29,2024,10,4,29,2,Tuesday,29,Weekday
1765,2024-10-30,2024,10,4,30,3,Wednesday,30,Weekday
1766,2024-10-31,2024,10,4,31,4,Thursday,31,Weekday
1767,2024-11-01,2024,11,4,1,5,Friday,1,Weekday
1768,2024-11-02,2024,11,4,2,6,Saturday,2,Weekend
1769,2024-11-03,2024,11,4,3,7,Sunday,3,Weekend
1770,2024-11-04,2024,11,4,4,1,Monday,4,Weekday
1771,2024-11-05,2024,11,4,5,2,Tuesday,5,Weekday
1772,2024-11-06,2024,11,4,6,3,Wednesday,6,Weekday
1773,2024-11-07,2024,11,4,7,4,Thursday,7,Weekday
1774,2024-11-08,2024,11,4,8,5,Friday,8,Weekday
1775,2024-11-09,2024,11,4,9,6,Saturday,9,Weekend
1776,2024-11-10,2024,11,4,10,7,Sunday,10,Weekend
1777,2024-11-11,2024,11,4,11,1,Monday,11,Weekday
1778,2024-11-12,2024,11,4,12,2,Tuesday,12,Weekday
1779,2024-11-13,2024,11,4,13,3,Wednesday,13,Weekday
1780,2024-11-14,2024,11,4,14,4,Thursday,14,Weekday
1781,2024-11-15,2024,11,4,15,5,Friday,15,Weekday
1782,2024-11-16,2024,11,4,16,6,Saturday,16,Weekend
1783,2024-11-17,2024,11,4,17,7,Sunday,17,Weekend
1784,2024-11-18,2024,11,4,18,1,Monday,18,Weekday
1785,2024-11-19,2024,11,4,19,2,Tuesday,19,Weekday
1786,2024-11-20,2024,11,4,20,3,Wednesday,20,Weekday
1787,2024-11-21,2024,11,4,21,4,Thursday,21,Weekday
1788,2024-11-22,2024,11,4,22,5,Friday,22,Weekday
1789,2024-11-23,2024,11,4,23,6,Saturday,23,Weekend
1790,2024-11-24,2024,11,4,24,7,Sunday,24,Weekend
1791,2024-11-25,2024,11,4,25,1,Monday,25,Weekday
1792,2024-11-26,2024,11,4,26,2,Tuesday,26,Weekday
1793,2024-11-27,2024,11,4,27,3,Wednesday,27,Weekday
1794,2024-11-28,2024,11,4,28,4,Thursday,28,Weekday
1795,2024-11-29,2024,11,4,29,5,Friday,29,Weekday
1796,2024-11-30,2024,11,4,30,6,Saturday,30,Weekend
1797,2024-12-01,2024,12,4,1,7,Sunday,1,Weekend
1798,2024-12-02,2024,12,4,2,1,Monday,2,Weekday
1799,2024-12-03,2024,12,4,3,2,Tuesday,3,Weekday
1800,2024-12-04,2024,12,4,4,3,Wednesday,4,Weekday
1801,2024-12-05,2024,12,4,5,4,Thursday,5,Weekday
1802,2024-12-06,2024,12,4,6,5,Friday,6,Weekday
1803,2024-12-07,2024,12,4,7,6,Saturday,7,Weekend
1804,2024-12-08,2024,12,4,8,7,Sunday,8,Weekend
1805,2024-12-09,2024,12,4,9,1,Monday,9,Weekday
1806,2024-12-10,2024,12,4,10,2,Tuesday,10,Weekday
1807,2024-12-11,2024,12,4,11,3,Wednesday,11,Weekday
1808,2024-12-12,2024,12,4,12,4,Thursday,12,Weekday
1809,2024-12-13,2024,12,4,13,5,Friday,13,Weekday
1810,2024-12-14,2024,12,4,14,6,Saturday,14,Weekend
1811,2024-12-15,2024,12,4,15,7,Sunday,15,Weekend
1812,2024-12-16,2024,12,4,16,1,Monday,16,Weekday
1813,2024-12-17,2024,12,4,17,2,Tuesday,17,Weekday
1814,2024-12-18,2024,12,4,18,3,Wednesday,18,Weekday
1815,2024-12-19,2024,12,4,19,4,Thursday,19,Weekday
1816,2024-12-20,2024,12,4,20,5,Friday,20,Weekday
1817,2024-12-21,2024,12,4,21,6,Saturday,21,Weekend
1818,2024-12-22,2024,12,4,22,7,Sunday,22,Weekend
1819,2024-12-23,2024,12,4,23,1,Monday,23,Weekday
1820,2024-12-24,2024,12,4,24,2,Tuesday,24,Weekday
1821,2024-12-25,2024,12,4,25,3,Wednesday,25,Weekday
1822,2024-12-26,2024,12,4,26,4,Thursday,26,Weekday
1823,2024-12-27,2024,12,4,27,5,Friday,27,Weekday
1824,2024-12-28,2024,12,4,28,6,Saturday,28,Weekend
1825,2024-12-29,2024,12,4,29,7,Sunday,29,Weekend
1826,2024-12-30,2024,12,4,30,1,Monday,30,Weekday
1827,2024-12-31,2024,12,4,31,2,Tuesday,31,Weekday
1828,2025-01-01,2025,1,1,1,3,Wednesday,1,Weekday
1829,2025-01-02,2025,1,1,2,4,Thursday,2,Weekday
1830,2025-01-03,2025,1,1,3,5,Friday,3,Weekday
1831,2025-01-04,2025,1,1,4,6,Saturday,4,Weekend
1832,2025-01-05,2025,1,1,5,7,Sunday,5,Weekend
1833,2025-01-06,2025,1,1,6,1,Monday,6,Weekday
1834,2025-01-07,2025,1,1,7,2,Tuesday,7,Weekday
1835,2025-01-08,2025,1,1,8,3,Wednesday,8,Weekday
1836,2025-01-09,2025,1,1,9,4,Thursday,9,Weekday
1837,2025-01-10,2025,1,1,10,5,Friday,10,Weekday
1838,2025-01-11,2025,1,1,11,6,Saturday,11,Weekend
1839,2025-01-12,2025,1,1,12,7,Sunday,12,Weekend
1840,2025-01-13,2025,1,1,13,1,Monday,13,Weekday
1841,2025-01-14,2025,1,1,14,2,Tuesday,14,Weekday
1842,2025-01-15,2025,1,1,15,3,Wednesday,15,Weekday
1843,2025-01-16,2025,1,1,16,4,Thursday,16,Weekday
1844,2025-01-17,2025,1,1,17,5,Friday,17,Weekday
1845,2025-01-18,2025,1,1,18,6,Saturday,18,Weekend
1846,2025-01-19,2025,1,1,19,7,Sunday,19,Weekend
1847,2025-01-20,2025,1,1,20,1,Monday,20,Weekday
1848,2025-01-21,2025,1,1,21,2,Tuesday,21,Weekday
1849,2025-01-22,2025,1,1,22,3,Wednesday,22,Weekday
1850,2025-01-23,2025,1,1,23,4,Thursday,23,Weekday
1851,2025-01-24,2025,1,1,24,5,Friday,24,Weekday
1852,2025-01-25,2025,1,1,25,6,Saturday,25,Weekend
1853,2025-01-26,2025,1,1,26,7,Sunday,26,Weekend
1854,2025-01-27,2025,1,1,27,1,Monday,27,Weekday
1855,2025-01-28,2025,1,1,28,2,Tuesday,28,Weekday
1856,2025-01-29,2025,1,1,29,3,Wednesday,29,Weekday
1857,2025-01-30,2025,1,1,30,4,Thursday,30,Weekday
1858,2025-01-31,2025,1,1,31,5,Friday,31,Weekday
1859,2025-02-01,2025,2,1,1,6,Saturday,1,Weekend
1860,2025-02-02,2025,2,1,2,7,Sunday,2,Weekend
1861,2025-02-03,2025,2,1,3,1,Monday,3,Weekday
1862,2025-02-04,2025,2,1,4,2,Tuesday,4,Weekday
1863,2025-02-05,2025,2,1,5,3,Wednesday,5,Weekday
1864,2025-02-06,2025,2,1,6,4,Thursday,6,Weekday
1865,2025-02-07,2025,2,1,7,5,Friday,7,Weekday
1866,2025-02-08,2025,2,1,8,6,Saturday,8,Weekend
1867,2025-02-09,2025,2,1,9,7,Sunday,9,Weekend
1868,2025-02-10,2025,2,1,10,1,Monday,10,Weekday
1869,2025-02-11,2025,2,1,11,2,Tuesday,11,Weekday
1870,2025-02-12,2025,2,1,12,3,Wednesday,12,Weekday
1871,2025-02-13,2025,2,1,13,4,Thursday,13,Weekday
1872,2025-02-14,2025,2,1,14,5,Friday,14,Weekday
1873,2025-02-15,2025,2,1,15,6,Saturday,15,Weekend
1874,2025-02-16,2025,2,1,16,7,Sunday,16,Weekend
1875,2025-02-17,2025,2,1,17,1,Monday,17,Weekday
1876,2025-02-18,2025,2,1,18,2,Tuesday,18,Weekday
1877,2025-02-19,2025,2,1,19,3,Wednesday,19,Weekday
1878,2025-02-20,2025,2,1,20,4,Thursday,20,Weekday
1879,2025-02-21,2025,2,1,21,5,Friday,21,Weekday
1880,2025-02-22,2025,2,1,22,6,Saturday,22,Weekend
1881,2025-02-23,2025,2,1,23,7,Sunday,23,Weekend
1882,2025-02-24,2025,2,1,24,1,Monday,24,Weekday
1883,2025-02-25,2025,2,1,25,2,Tuesday,25,Weekday
1884,2025-02-26,2025,2,1,26,3,Wednesday,26,Weekday
1885,2025-02-27,2025,2,1,27,4,Thursday,27,Weekday
1886,2025-02-28,2025,2,1,28,5,Friday,28,Weekday
1887,2025-03-01,2025,3,1,1,6,Saturday,1,Weekend
1888,2025-03-02,2025,3,1,2,7,Sunday,2,Weekend
1889,2025-03-03,2025,3,1,3,1,Monday,3,Weekday
1890,2025-03-04,2025,3,1,4,2,Tuesday,4,Weekday
1891,2025-03-05,2025,3,1,5,3,Wednesday,5,Weekday
1892,2025-03-06,2025,3,1,6,4,Thursday,6,Weekday
1893,2025-03-07,2025,3,1,7,5,Friday,7,Weekday
1894,2025-03-08,2025,3,1,8,6,Saturday,8,Weekend
1895,2025-03-09,2025,3,1,9,7,Sunday,9,Weekend
1896,2025-03-10,2025,3,1,10,1,Monday,10,Weekday
1897,2025-03-11,2025,3,1,11,2,Tuesday,11,Weekday
1898,2025-03-12,2025,3,1,12,3,Wednesday,12,Weekday
1899,2025-03-13,2025,3,1,13,4,Thursday,13,Weekday
1900,2025-03-14,2025,3,1,14,5,Friday,14,Weekday
1901,2025-03-15,2025,3,1,15,6,Saturday,15,Weekend
1902,2025-03-16,2025,3,1,16,7,Sunday,16,Weekend
1903,2025-03-17,2025,3,1,17,1,Monday,17,Weekday
1904,2025-03-18,2025,3,1,18,2,Tuesday,18,Weekday
1905,2025-03-19,2025,3,1,19,3,Wednesday,19,Weekday
1906,2025-03-20,2025,3,1,20,4,Thursday,20,Weekday
1907,2025-03-21,2025,3,1,21,5,Friday,21,Weekday
1908,2025-03-22,2025,3,1,22,6,Saturday,22,Weekend
1909,2025-03-23,2025,3,1,23,7,Sunday,23,Weekend
1910,2025-03-24,2025,3,1,24,1,Monday,24,Weekday
1911,2025-03-25,2025,3,1,25,2,Tuesday,25,Weekday
1912,2025-03-26,2025,3,1,26,3,Wednesday,26,Weekday
1913,2025-03-27,2025,3,1,27,4,Thursday,27,Weekday
1914,2025-03-28,2025,3,1,28,5,Friday,28,Weekday
1915,2025-03-29,2025,3,1,29,6,Saturday,29,Weekend
1916,2025-03-30,2025,3,1,30,7,Sunday,30,Weekend
1917,2025-03-31,2025,3,1,31,1,Monday,31,Weekday
1918,2025-04-01,2025,4,2,1,2,Tuesday,1,Weekday
1919,2025-04-02,2025,4,2,2,3,Wednesday,2,Weekday
1920,2025-04-03,2025,4,2,3,4,Thursday,3,Weekday
1921,2025-04-04,2025,4,2,4,5,Friday,4,Weekday
1922,2025-04-05,2025,4,2,5,6,Saturday,5,Weekend
1923,2025-04-06,2025,4,2,6,7,Sunday,6,Weekend
1924,2025-04-07,2025,4,2,7,1,Monday,7,Weekday
1925,2025-04-08,2025,4,2,8,2,Tuesday,8,Weekday
1926,2025-04-09,2025,4,2,9,3,Wednesday,9,Weekday
1927,2025-04-10,2025,4,2,10,4,Thursday,10,Weekday
1928,2025-04-11,2025,4,2,11,5,Friday,11,Weekday
1929,2025-04-12,2025,4,2,12,6,Saturday,12,Weekend
1930,2025-04-13,2025,4,2,13,7,Sunday,13,Weekend
1931,2025-04-14,2025,4,2,14,1,Monday,14,Weekday
1932,2025-04-15,2025,4,2,15,2,Tuesday,15,Weekday
1933,2025-04-16,2025,4,2,16,3,Wednesday,16,Weekday
1934,2025-04-17,2025,4,2,17,4,Thursday,17,Weekday
1935,2025-04-18,2025,4,2,18,5,Friday,18,Weekday
1936,2025-04-19,2025,4,2,19,6,Saturday,19,Weekend
1937,2025-04-20,2025,4,2,20,7,Sunday,20,Weekend
1938,2025-04-21,2025,4,2,21,1,Monday,21,Weekday
1939,2025-04-22,2025,4,2,22,2,Tuesday,22,Weekday
1940,2025-04-23,2025,4,2,23,3,Wednesday,23,Weekday
1941,2025-04-24,2025,4,2,24,4,Thursday,24,Weekday
1942,2025-04-25,2025,4,2,25,5,Friday,25,Weekday
1943,2025-04-26,2025,4,2,26,6,Saturday,26,Weekend
1944,2025-04-27,2025,4,2,27,7,Sunday,27,Weekend
1945,2025-04-28,2025,4,2,28,1,Monday,28,Weekday
1946,2025-04-29,2025,4,2,29,2,Tuesday,29,Weekday
1947,2025-04-30,2025,4,2,30,3,Wednesday,30,Weekday
1948,2025-05-01,2025,5,2,1,4,Thursday,1,Weekday
1949,2025-05-02,2025,5,2,2,5,Friday,2,Weekday
1950,2025-05-03,2025,5,2,3,6,Saturday,3,Weekend
1951,2025-05-04,2025,5,2,4,7,Sunday,4,Weekend
1952,2025-05-05,2025,5,2,5,1,Monday,5,Weekday
1953,2025-05-06,2025,5,2,6,2,Tuesday,6,Weekday
1954,2025-05-07,2025,5,2,7,3,Wednesday,7,Weekday
1955,2025-05-08,2025,5,2,8,4,Thursday,8,Weekday
1956,2025-05-09,2025,5,2,9,5,Friday,9,Weekday
1957,2025-05-10,2025,5,2,10,6,Saturday,10,Weekend
1958,2025-05-11,2025,5,2,11,7,Sunday,11,Weekend
1959,2025-05-12,2025,5,2,12,1,Monday,12,Weekday
1960,2025-05-13,2025,5,2,13,2,Tuesday,13,Weekday
1961,2025-05-14,2025,5,2,14,3,Wednesday,14,Weekday
1962,2025-05-15,2025,5,2,15,4,Thursday,15,Weekday
1963,2025-05-16,2025,5,2,16,5,Friday,16,Weekday
1964,2025-05-17,2025,5,2,17,6,Saturday,17,Weekend
1965,2025-05-18,2025,5,2,18,7,Sunday,18,Weekend
1966,2025-05-19,2025,5,2,19,1,Monday,19,Weekday
1967,2025-05-20,2025,5,2,20,2,Tuesday,20,Weekday
1968,2025-05-21,2025,5,2,21,3,Wednesday,21,Weekday
1969,2025-05-22,2025,5,2,22,4,Thursday,22,Weekday
1970,2025-05-23,2025,5,2,23,5,Friday,23,Weekday
1971,2025-05-24,2025,5,2,24,6,Saturday,24,Weekend
1972,2025-05-25,2025,5,2,25,7,Sunday,25,Weekend
1973,2025-05-26,2025,5,2,26,1,Monday,26,Weekday
1974,2025-05-27,2025,5,2,27,2,Tuesday,27,Weekday
1975,2025-05-28,2025,5,2,28,3,Wednesday,28,Weekday
1976,2025-05-29,2025,5,2,29,4,Thursday,29,Weekday
1977,2025-05-30,2025,5,2,30,5,Friday,30,Weekday
1978,2025-05-31,2025,5,2,31,6,Saturday,31,Weekend
1979,2025-06-01,2025,6,2,1,7,Sunday,1,Weekend
1980,2025-06-02,2025,6,2,2,1,Monday,2,Weekday
1981,2025-06-03,2025,6,2,3,2,Tuesday,3,Weekday
1982,2025-06-04,2025,6,2,4,3,Wednesday,4,Weekday
1983,2025-06-05,2025,6,2,5,4,Thursday,5,Weekday
1984,2025-06-06,2025,6,2,6,5,Friday,6,Weekday
1985,2025-06-07,2025,6,2,7,6,Saturday,7,Weekend
1986,2025-06-08,2025,6,2,8,7,Sunday,8,Weekend
1987,2025-06-09,2025,6,2,9,1,Monday,9,Weekday
1988,2025-06-10,2025,6,2,10,2,Tuesday,10,Weekday
1989,2025-06-11,2025,6,2,11,3,Wednesday,11,Weekday
1990,2025-06-12,2025,6,2,12,4,Thursday,12,Weekday
1991,2025-06-13,2025,6,2,13,5,Friday,13,Weekday
1992,2025-06-14,2025,6,2,14,6,Saturday,14,Weekend
1993,2025-06-15,2025,6,2,15,7,Sunday,15,Weekend
1994,2025-06-16,2025,6,2,16,1,Monday,16,Weekday
1995,2025-06-17,2025,6,2,17,2,Tuesday,17,Weekday
1996,2025-06-18,2025,6,2,18,3,Wednesday,18,Weekday
1997,2025-06-19,2025,6,2,19,4,Thursday,19,Weekday
1998,2025-06-20,2025,6,2,20,5,Friday,20,Weekday
1999,2025-06-21,2025,6,2,21,6,Saturday,21,Weekend
2000,2025-06-22,2025,6,2,22,7,Sunday,22,Weekend
